Sourcing MaCh3 Core
Sourcing NuOscillator
Here 1[Monitor.cpp][info] ##################################
[Monitor.cpp][info] Welcome to:  
[Monitor.cpp][info]   __  __        _____ _     ____  
[Monitor.cpp][info]  |  \/  |      / ____| |   |___ \ 
[Monitor.cpp][info]  | \  / | __ _| |    | |__   __) |
[Monitor.cpp][info]  | |\/| |/ _` | |    | '_ \ |__ < 
[Monitor.cpp][info]  | |  | | (_| | |____| | | |___) |
[Monitor.cpp][info]  |_|  |_|\__,_|\_____|_| |_|____/ 
[Monitor.cpp][info] Version: 2.6.0
[Monitor.cpp][info] ##################################
[Monitor.cpp][info] Using following CPU:
[Monitor.cpp][info] model name	: AMD EPYC 74F3 24-Core Processor
[Monitor.cpp][info] cpu MHz		: 3200.000
[Monitor.cpp][info] Architecture:                            x86_64
[Monitor.cpp][info] L1d cache:                               1.5 MiB (48 instances)
[Monitor.cpp][info] L1i cache:                               1.5 MiB (48 instances)
[Monitor.cpp][info] L2 cache:                                24 MiB (48 instances)
[Monitor.cpp][info] L3 cache:                                512 MiB (16 instances)
[Monitor.cpp][info] Thread(s) per core:                      2
[Monitor.cpp][info] CPU(s):                                  96
[Monitor.cpp][info] With available threads                8
[Manager.cpp][info] Setting config to be: build/Configs/EventRates_BeamFDOldUnc.yaml
[Manager.cpp][info] Config is now: 
[Monitor.cpp][info] General:
[Monitor.cpp][info]   OutputFile: Results/DuneOldUnc.root
[Monitor.cpp][info]   DUNESamples:
[Monitor.cpp][info]     - Configs/Samples/SampleHandler_BeamFDStandardRecord.yaml
[Monitor.cpp][info]   OscillationParameters: [0.310, 0.582, 0.0224, 7.39E-5, 2.525E-3, -2.498, 1284.9, 2.848]
[Monitor.cpp][info]   OscillatorConfigName: Configs/OscillatorObj.yaml
[Monitor.cpp][info]   Systematics:
[Monitor.cpp][info]     XsecCovFile:
[Monitor.cpp][info]       - Configs/CovObjs/OscCov_PDG2021_v2.yaml
[Monitor.cpp][info]       - Configs/CovObjs/tdr_covs/Flux_FD.yaml
[Monitor.cpp][info]     XsecCovName: xsec_cov
[Monitor.cpp][info]     XsecStepScale: 0.05
[Monitor.cpp][info]   Fitter:
[Monitor.cpp][info]     FitTestLikelihood: false
[Monitor.cpp][info]   MCMC:
[Monitor.cpp][info]     NSteps: 50000
[Monitor.cpp][info]     AutoSave: 10000
[Monitor.cpp][info]     Multicanonical:
[Monitor.cpp][info]       Enabled: false
[Monitor.cpp][info]   Output:
[Monitor.cpp][info]     FileName: Results/DuneOldUnc.root
[Monitor.cpp][info]     OUTPUTNAME: DuneOldUnc.root
[Monitor.cpp][info]   ProcessMCMC: No
[Monitor.cpp][info]   Seed: 0
[Monitor.cpp][info]   Debug: No
[Monitor.cpp][info] SigmaVar:
[Monitor.cpp][info]   PlotByMode: false
[Monitor.cpp][info]   PlotByChannel: false
[Monitor.cpp][info]   SigmaArray: [-1, -0.5, 0, 0.5, 1]
[Monitor.cpp][info] LLHScan:
[Monitor.cpp][info]   LLHScanBySample: false
[Monitor.cpp][info]   LLHScanPoints: 10
[Monitor.cpp][info]   ScanRanges: ~
[Monitor.cpp][info] Tests:
[Monitor.cpp][info]   SkipChecks: False
[Monitor.cpp][info]   TestResultsFile: tests/test_results/EventRatesV2TDR.txt
[Monitor.cpp][info] Predictive:
[Monitor.cpp][info]   Ntoy: 1000
[Monitor.cpp][info]   FullLLH: false
[Monitor.cpp][info]   PriorPredictive: false
[Monitor.cpp][info]   BurnInSteps: 100
[Monitor.cpp][info]   PosteriorFile: Results/DuneOldUnc.root
[Monitor.cpp][info]   ThrowParamGroupOnly: [Flux]
[Monitor.cpp][info]   ThrowSingleParams: []
[Monitor.cpp][info]   StandardFluctuation: true
[Monitor.cpp][info]   DebugHistograms: true
[Monitor.cpp][info]   ParameterBounds: []
[Monitor.cpp][info]   ByMode: false
[Monitor.cpp][info] PredictivePlotting:
[Monitor.cpp][info]   FileTitle: [Posterior Predictive, Prior Predictive]
[Monitor.cpp][info]   PosteriorColor: [632, 600]
[Monitor.cpp][info]   RelevantModesName: [CCQE, CC2p2h, CC1pipm]
[Monitor.cpp][info]   RelevantModesColors: [632, 618, 417]
[MaCh3Factory.cpp][info] Overriding setting: Section=General, Key=OutputFile, Value=Results/DuneOutputOld0.075.root
[MaCh3Factory.cpp][info] Overriding setting: Section=General, Key=Systematics, Key=XsecStepScale, Value=0.075
[MaCh3Factory.cpp][critical] You are overwriting settings (Systematics) that are highly likely intended to be committed.
[MaCh3Factory.cpp][critical] If you're sure you want to do this, e.g. for testing or step size tuning, you can remove the throw that lives here:
Here 2Here 3[MaCh3Factory.h][info] Initialising xsec_cov matrix
[ParameterHandlerGeneric.cpp][info] Constructing instance of ParameterHandler using
[ParameterHandlerGeneric.cpp][info] Configs/CovObjs/OscCov_PDG2021_v2.yaml
[ParameterHandlerGeneric.cpp][info] Configs/CovObjs/tdr_covs/Flux_FD.yaml
[ParameterHandlerGeneric.cpp][info] as an input
[ParameterHandlerGeneric.cpp][info] Principal component analysis but given the threshold for the principal components to be less than 0, or greater than (or equal to) 1. This will not work
[ParameterHandlerGeneric.cpp][info] Please specify a number between 0 and 1
[ParameterHandlerGeneric.cpp][info] You specified: 
[ParameterHandlerGeneric.cpp][info] Am instead calling the usual non-PCA constructor...
[ParameterHandlerBase.cpp][info] Enabling Flipping for parameter sin2th_23 with value 0.5112
[ParameterHandlerBase.cpp][info] Enabling Flipping for parameter delm2_23 with value 0
[ParameterHandlerBase.cpp][info] Enabling CircularBounds for parameter delta_cp with range [-3.141592, 3.141592]
[ParameterTunes.cpp][info] Found 1 tunes:
[ParameterTunes.cpp][info]   Tune 0 Generated
[ParameterHandlerGeneric.cpp][info] Created covariance matrix from files: 
[ParameterHandlerGeneric.cpp][info] Configs/CovObjs/OscCov_PDG2021_v2.yaml 
[ParameterHandlerGeneric.cpp][info] Configs/CovObjs/tdr_covs/Flux_FD.yaml 
[ParameterHandlerGeneric.cpp][info] ----------------
[ParameterHandlerGeneric.cpp][info] Found 112 systematics parameters in total
[ParameterHandlerGeneric.cpp][info] ----------------
[ParameterHandlerGeneric.cpp][info] #################################################
[ParameterHandlerGeneric.cpp][info] Printing ParameterHandlerGeneric:
[ParameterHandlerGeneric.cpp][info] ============================================================================================================================================================
[ParameterHandlerGeneric.cpp][info] #     |  Name                                     |  Prior      |  Error      |  Lower      |  Upper      |  StepScale  |  SampleNames          |  Type      
[ParameterHandlerGeneric.cpp][info] ------------------------------------------------------------------------------------------------------------------------------------------------------------
[ParameterHandlerGeneric.cpp][info] 0     |  sin2th_12                                |  0.307      |  +/- 0.01   |  0          |  1          |  1          |  BeamFD*, ATM         |  Oscillation
[ParameterHandlerGeneric.cpp][info] 1     |  sin2th_23                                |  0.546      |  +/- 0.02   |  0          |  1          |  1          |  BeamFD*, ATM         |  Oscillation
[ParameterHandlerGeneric.cpp][info] 2     |  sin2th_13                                |  0.022      |  +/- 0.00   |  0          |  1          |  5          |  BeamFD*, ATM         |  Oscillation
[ParameterHandlerGeneric.cpp][info] 3     |  delm2_12                                 |  7.53e-05   |  +/- 0.00   |  -999       |  999        |  1          |  BeamFD*, ATM         |  Oscillation
[ParameterHandlerGeneric.cpp][info] 4     |  delm2_23                                 |  0.002536   |  +/- 0.00   |  -999       |  999        |  1          |  BeamFD*, ATM         |  Oscillation
[ParameterHandlerGeneric.cpp][info] 5     |  delta_cp                                 |  -1.601     |  +/- 6.28   |  -999       |  999        |  1          |  BeamFD*, ATM         |  Oscillation
[ParameterHandlerGeneric.cpp][info] 6     |  baseline                                 |  1284.9     |  +/- 0.01   |  0          |  9999       |  1          |  BeamFD*, ATM         |  Oscillation
[ParameterHandlerGeneric.cpp][info] 7     |  density                                  |  2.6        |  +/- 0.01   |  0          |  999        |  1          |  BeamFD*, ATM         |  Oscillation
[ParameterHandlerGeneric.cpp][info] 8     |  b_104                                    |  1          |  +/- 0.12   |  0          |  9999       |  0.3        |  BeamFD*              |  Norm      
[ParameterHandlerGeneric.cpp][info] 9     |  b_105                                    |  1          |  +/- 0.09   |  0          |  9999       |  0.3        |  BeamFD*              |  Norm      
[ParameterHandlerGeneric.cpp][info] 10    |  b_106                                    |  1          |  +/- 0.08   |  0          |  9999       |  0.3        |  BeamFD*              |  Norm      
[ParameterHandlerGeneric.cpp][info] 11    |  b_107                                    |  1          |  +/- 0.08   |  0          |  9999       |  0.3        |  BeamFD*              |  Norm      
[ParameterHandlerGeneric.cpp][info] 12    |  b_108                                    |  1          |  +/- 0.08   |  0          |  9999       |  0.3        |  BeamFD*              |  Norm      
[ParameterHandlerGeneric.cpp][info] 13    |  b_109                                    |  1          |  +/- 0.08   |  0          |  9999       |  0.3        |  BeamFD*              |  Norm      
[ParameterHandlerGeneric.cpp][info] 14    |  b_110                                    |  1          |  +/- 0.08   |  0          |  9999       |  0.3        |  BeamFD*              |  Norm      
[ParameterHandlerGeneric.cpp][info] 15    |  b_111                                    |  1          |  +/- 0.08   |  0          |  9999       |  0.3        |  BeamFD*              |  Norm      
[ParameterHandlerGeneric.cpp][info] 16    |  b_112                                    |  1          |  +/- 0.08   |  0          |  9999       |  0.3        |  BeamFD*              |  Norm      
[ParameterHandlerGeneric.cpp][info] 17    |  b_113                                    |  1          |  +/- 0.08   |  0          |  9999       |  0.3        |  BeamFD*              |  Norm      
[ParameterHandlerGeneric.cpp][info] 18    |  b_114                                    |  1          |  +/- 0.09   |  0          |  9999       |  0.3        |  BeamFD*              |  Norm      
[ParameterHandlerGeneric.cpp][info] 19    |  b_115                                    |  1          |  +/- 0.09   |  0          |  9999       |  0.3        |  BeamFD*              |  Norm      
[ParameterHandlerGeneric.cpp][info] 20    |  b_116                                    |  1          |  +/- 0.08   |  0          |  9999       |  0.3        |  BeamFD*              |  Norm      
[ParameterHandlerGeneric.cpp][info] 21    |  b_117                                    |  1          |  +/- 0.10   |  0          |  9999       |  0.3        |  BeamFD*              |  Norm      
[ParameterHandlerGeneric.cpp][info] 22    |  b_118                                    |  1          |  +/- 0.09   |  0          |  9999       |  0.3        |  BeamFD*              |  Norm      
[ParameterHandlerGeneric.cpp][info] 23    |  b_119                                    |  1          |  +/- 0.11   |  0          |  9999       |  0.3        |  BeamFD*              |  Norm      
[ParameterHandlerGeneric.cpp][info] 24    |  b_120                                    |  1          |  +/- 0.17   |  0          |  9999       |  0.3        |  BeamFD*              |  Norm      
[ParameterHandlerGeneric.cpp][info] 25    |  b_121                                    |  1          |  +/- 0.18   |  0          |  9999       |  0.3        |  BeamFD*              |  Norm      
[ParameterHandlerGeneric.cpp][info] 26    |  b_122                                    |  1          |  +/- 0.32   |  0          |  9999       |  0.3        |  BeamFD*              |  Norm      
[ParameterHandlerGeneric.cpp][info] 27    |  b_123                                    |  1          |  +/- 0.15   |  0          |  9999       |  0.3        |  BeamFD*              |  Norm      
[ParameterHandlerGeneric.cpp][info] 28    |  b_124                                    |  1          |  +/- 0.10   |  0          |  9999       |  0.3        |  BeamFD*              |  Norm      
[ParameterHandlerGeneric.cpp][info] 29    |  b_125                                    |  1          |  +/- 0.10   |  0          |  9999       |  0.3        |  BeamFD*              |  Norm      
[ParameterHandlerGeneric.cpp][info] 30    |  b_126                                    |  1          |  +/- 0.10   |  0          |  9999       |  0.3        |  BeamFD*              |  Norm      
[ParameterHandlerGeneric.cpp][info] 31    |  b_127                                    |  1          |  +/- 0.11   |  0          |  9999       |  0.3        |  BeamFD*              |  Norm      
[ParameterHandlerGeneric.cpp][info] 32    |  b_128                                    |  1          |  +/- 0.10   |  0          |  9999       |  0.3        |  BeamFD*              |  Norm      
[ParameterHandlerGeneric.cpp][info] 33    |  b_129                                    |  1          |  +/- 0.10   |  0          |  9999       |  0.3        |  BeamFD*              |  Norm      
[ParameterHandlerGeneric.cpp][info] 34    |  b_130                                    |  1          |  +/- 0.10   |  0          |  9999       |  0.3        |  BeamFD*              |  Norm      
[ParameterHandlerGeneric.cpp][info] 35    |  b_131                                    |  1          |  +/- 0.10   |  0          |  9999       |  0.3        |  BeamFD*              |  Norm      
[ParameterHandlerGeneric.cpp][info] 36    |  b_132                                    |  1          |  +/- 0.10   |  0          |  9999       |  0.3        |  BeamFD*              |  Norm      
[ParameterHandlerGeneric.cpp][info] 37    |  b_133                                    |  1          |  +/- 0.11   |  0          |  9999       |  0.3        |  BeamFD*              |  Norm      
[ParameterHandlerGeneric.cpp][info] 38    |  b_134                                    |  1          |  +/- 0.11   |  0          |  9999       |  0.3        |  BeamFD*              |  Norm      
[ParameterHandlerGeneric.cpp][info] 39    |  b_135                                    |  1          |  +/- 0.10   |  0          |  9999       |  0.3        |  BeamFD*              |  Norm      
[ParameterHandlerGeneric.cpp][info] 40    |  b_136                                    |  1          |  +/- 0.11   |  0          |  9999       |  0.3        |  BeamFD*              |  Norm      
[ParameterHandlerGeneric.cpp][info] 41    |  b_137                                    |  1          |  +/- 0.12   |  0          |  9999       |  0.3        |  BeamFD*              |  Norm      
[ParameterHandlerGeneric.cpp][info] 42    |  b_138                                    |  1          |  +/- 0.16   |  0          |  9999       |  0.3        |  BeamFD*              |  Norm      
[ParameterHandlerGeneric.cpp][info] 43    |  b_139                                    |  1          |  +/- 0.23   |  0          |  9999       |  0.3        |  BeamFD*              |  Norm      
[ParameterHandlerGeneric.cpp][info] 44    |  b_140                                    |  1          |  +/- 0.22   |  0          |  9999       |  0.3        |  BeamFD*              |  Norm      
[ParameterHandlerGeneric.cpp][info] 45    |  b_141                                    |  1          |  +/- 0.88   |  0          |  9999       |  0.3        |  BeamFD*              |  Norm      
[ParameterHandlerGeneric.cpp][info] 46    |  b_142                                    |  1          |  +/- 0.08   |  0          |  9999       |  0.3        |  BeamFD*              |  Norm      
[ParameterHandlerGeneric.cpp][info] 47    |  b_143                                    |  1          |  +/- 0.07   |  0          |  9999       |  0.3        |  BeamFD*              |  Norm      
[ParameterHandlerGeneric.cpp][info] 48    |  b_144                                    |  1          |  +/- 0.08   |  0          |  9999       |  0.3        |  BeamFD*              |  Norm      
[ParameterHandlerGeneric.cpp][info] 49    |  b_145                                    |  1          |  +/- 0.09   |  0          |  9999       |  0.3        |  BeamFD*              |  Norm      
[ParameterHandlerGeneric.cpp][info] 50    |  b_146                                    |  1          |  +/- 0.11   |  0          |  9999       |  0.3        |  BeamFD*              |  Norm      
[ParameterHandlerGeneric.cpp][info] 51    |  b_147                                    |  1          |  +/- 0.14   |  0          |  9999       |  0.3        |  BeamFD*              |  Norm      
[ParameterHandlerGeneric.cpp][info] 52    |  b_148                                    |  1          |  +/- 0.23   |  0          |  9999       |  0.3        |  BeamFD*              |  Norm      
[ParameterHandlerGeneric.cpp][info] 53    |  b_149                                    |  1          |  +/- 0.10   |  0          |  9999       |  0.3        |  BeamFD*              |  Norm      
[ParameterHandlerGeneric.cpp][info] 54    |  b_150                                    |  1          |  +/- 0.09   |  0          |  9999       |  0.3        |  BeamFD*              |  Norm      
[ParameterHandlerGeneric.cpp][info] 55    |  b_151                                    |  1          |  +/- 0.11   |  0          |  9999       |  0.3        |  BeamFD*              |  Norm      
[ParameterHandlerGeneric.cpp][info] 56    |  b_152                                    |  1          |  +/- 0.13   |  0          |  9999       |  0.3        |  BeamFD*              |  Norm      
[ParameterHandlerGeneric.cpp][info] 57    |  b_153                                    |  1          |  +/- 0.15   |  0          |  9999       |  0.3        |  BeamFD*              |  Norm      
[ParameterHandlerGeneric.cpp][info] 58    |  b_154                                    |  1          |  +/- 0.16   |  0          |  9999       |  0.3        |  BeamFD*              |  Norm      
[ParameterHandlerGeneric.cpp][info] 59    |  b_155                                    |  1          |  +/- 0.23   |  0          |  9999       |  0.3        |  BeamFD*              |  Norm      
[ParameterHandlerGeneric.cpp][info] 60    |  b_156                                    |  1          |  +/- 0.16   |  0          |  9999       |  0.3        |  BeamFD*              |  Norm      
[ParameterHandlerGeneric.cpp][info] 61    |  b_157                                    |  1          |  +/- 0.10   |  0          |  9999       |  0.3        |  BeamFD*              |  Norm      
[ParameterHandlerGeneric.cpp][info] 62    |  b_158                                    |  1          |  +/- 0.09   |  0          |  9999       |  0.3        |  BeamFD*              |  Norm      
[ParameterHandlerGeneric.cpp][info] 63    |  b_159                                    |  1          |  +/- 0.10   |  0          |  9999       |  0.3        |  BeamFD*              |  Norm      
[ParameterHandlerGeneric.cpp][info] 64    |  b_160                                    |  1          |  +/- 0.10   |  0          |  9999       |  0.3        |  BeamFD*              |  Norm      
[ParameterHandlerGeneric.cpp][info] 65    |  b_161                                    |  1          |  +/- 0.10   |  0          |  9999       |  0.3        |  BeamFD*              |  Norm      
[ParameterHandlerGeneric.cpp][info] 66    |  b_162                                    |  1          |  +/- 0.11   |  0          |  9999       |  0.3        |  BeamFD*              |  Norm      
[ParameterHandlerGeneric.cpp][info] 67    |  b_163                                    |  1          |  +/- 0.11   |  0          |  9999       |  0.3        |  BeamFD*              |  Norm      
[ParameterHandlerGeneric.cpp][info] 68    |  b_164                                    |  1          |  +/- 0.11   |  0          |  9999       |  0.3        |  BeamFD*              |  Norm      
[ParameterHandlerGeneric.cpp][info] 69    |  b_165                                    |  1          |  +/- 0.12   |  0          |  9999       |  0.3        |  BeamFD*              |  Norm      
[ParameterHandlerGeneric.cpp][info] 70    |  b_166                                    |  1          |  +/- 0.11   |  0          |  9999       |  0.3        |  BeamFD*              |  Norm      
[ParameterHandlerGeneric.cpp][info] 71    |  b_167                                    |  1          |  +/- 0.11   |  0          |  9999       |  0.3        |  BeamFD*              |  Norm      
[ParameterHandlerGeneric.cpp][info] 72    |  b_168                                    |  1          |  +/- 0.12   |  0          |  9999       |  0.3        |  BeamFD*              |  Norm      
[ParameterHandlerGeneric.cpp][info] 73    |  b_169                                    |  1          |  +/- 0.12   |  0          |  9999       |  0.3        |  BeamFD*              |  Norm      
[ParameterHandlerGeneric.cpp][info] 74    |  b_170                                    |  1          |  +/- 0.11   |  0          |  9999       |  0.3        |  BeamFD*              |  Norm      
[ParameterHandlerGeneric.cpp][info] 75    |  b_171                                    |  1          |  +/- 0.14   |  0          |  9999       |  0.3        |  BeamFD*              |  Norm      
[ParameterHandlerGeneric.cpp][info] 76    |  b_172                                    |  1          |  +/- 0.19   |  0          |  9999       |  0.3        |  BeamFD*              |  Norm      
[ParameterHandlerGeneric.cpp][info] 77    |  b_173                                    |  1          |  +/- 0.18   |  0          |  9999       |  0.3        |  BeamFD*              |  Norm      
[ParameterHandlerGeneric.cpp][info] 78    |  b_174                                    |  1          |  +/- 0.32   |  0          |  9999       |  0.3        |  BeamFD*              |  Norm      
[ParameterHandlerGeneric.cpp][info] 79    |  b_175                                    |  1          |  +/- 0.12   |  0          |  9999       |  0.3        |  BeamFD*              |  Norm      
[ParameterHandlerGeneric.cpp][info] 80    |  b_176                                    |  1          |  +/- 0.09   |  0          |  9999       |  0.3        |  BeamFD*              |  Norm      
[ParameterHandlerGeneric.cpp][info] 81    |  b_177                                    |  1          |  +/- 0.08   |  0          |  9999       |  0.3        |  BeamFD*              |  Norm      
[ParameterHandlerGeneric.cpp][info] 82    |  b_178                                    |  1          |  +/- 0.07   |  0          |  9999       |  0.3        |  BeamFD*              |  Norm      
[ParameterHandlerGeneric.cpp][info] 83    |  b_179                                    |  1          |  +/- 0.07   |  0          |  9999       |  0.3        |  BeamFD*              |  Norm      
[ParameterHandlerGeneric.cpp][info] 84    |  b_180                                    |  1          |  +/- 0.07   |  0          |  9999       |  0.3        |  BeamFD*              |  Norm      
[ParameterHandlerGeneric.cpp][info] 85    |  b_181                                    |  1          |  +/- 0.07   |  0          |  9999       |  0.3        |  BeamFD*              |  Norm      
[ParameterHandlerGeneric.cpp][info] 86    |  b_182                                    |  1          |  +/- 0.07   |  0          |  9999       |  0.3        |  BeamFD*              |  Norm      
[ParameterHandlerGeneric.cpp][info] 87    |  b_183                                    |  1          |  +/- 0.07   |  0          |  9999       |  0.3        |  BeamFD*              |  Norm      
[ParameterHandlerGeneric.cpp][info] 88    |  b_184                                    |  1          |  +/- 0.07   |  0          |  9999       |  0.3        |  BeamFD*              |  Norm      
[ParameterHandlerGeneric.cpp][info] 89    |  b_185                                    |  1          |  +/- 0.08   |  0          |  9999       |  0.3        |  BeamFD*              |  Norm      
[ParameterHandlerGeneric.cpp][info] 90    |  b_186                                    |  1          |  +/- 0.08   |  0          |  9999       |  0.3        |  BeamFD*              |  Norm      
[ParameterHandlerGeneric.cpp][info] 91    |  b_187                                    |  1          |  +/- 0.08   |  0          |  9999       |  0.3        |  BeamFD*              |  Norm      
[ParameterHandlerGeneric.cpp][info] 92    |  b_188                                    |  1          |  +/- 0.09   |  0          |  9999       |  0.3        |  BeamFD*              |  Norm      
[ParameterHandlerGeneric.cpp][info] 93    |  b_189                                    |  1          |  +/- 0.09   |  0          |  9999       |  0.3        |  BeamFD*              |  Norm      
[ParameterHandlerGeneric.cpp][info] 94    |  b_190                                    |  1          |  +/- 0.13   |  0          |  9999       |  0.3        |  BeamFD*              |  Norm      
[ParameterHandlerGeneric.cpp][info] 95    |  b_191                                    |  1          |  +/- 0.20   |  0          |  9999       |  0.3        |  BeamFD*              |  Norm      
[ParameterHandlerGeneric.cpp][info] 96    |  b_192                                    |  1          |  +/- 0.21   |  0          |  9999       |  0.3        |  BeamFD*              |  Norm      
[ParameterHandlerGeneric.cpp][info] 97    |  b_193                                    |  1          |  +/- 0.84   |  0          |  9999       |  0.3        |  BeamFD*              |  Norm      
[ParameterHandlerGeneric.cpp][info] 98    |  b_194                                    |  1          |  +/- 0.10   |  0          |  9999       |  0.3        |  BeamFD*              |  Norm      
[ParameterHandlerGeneric.cpp][info] 99    |  b_195                                    |  1          |  +/- 0.09   |  0          |  9999       |  0.3        |  BeamFD*              |  Norm      
[ParameterHandlerGeneric.cpp][info] 100   |  b_196                                    |  1          |  +/- 0.11   |  0          |  9999       |  0.3        |  BeamFD*              |  Norm      
[ParameterHandlerGeneric.cpp][info] 101   |  b_197                                    |  1          |  +/- 0.12   |  0          |  9999       |  0.3        |  BeamFD*              |  Norm      
[ParameterHandlerGeneric.cpp][info] 102   |  b_198                                    |  1          |  +/- 0.15   |  0          |  9999       |  0.3        |  BeamFD*              |  Norm      
[ParameterHandlerGeneric.cpp][info] 103   |  b_199                                    |  1          |  +/- 0.16   |  0          |  9999       |  0.3        |  BeamFD*              |  Norm      
[ParameterHandlerGeneric.cpp][info] 104   |  b_200                                    |  1          |  +/- 0.19   |  0          |  9999       |  0.3        |  BeamFD*              |  Norm      
[ParameterHandlerGeneric.cpp][info] 105   |  b_201                                    |  1          |  +/- 0.09   |  0          |  9999       |  0.3        |  BeamFD*              |  Norm      
[ParameterHandlerGeneric.cpp][info] 106   |  b_202                                    |  1          |  +/- 0.07   |  0          |  9999       |  0.3        |  BeamFD*              |  Norm      
[ParameterHandlerGeneric.cpp][info] 107   |  b_203                                    |  1          |  +/- 0.08   |  0          |  9999       |  0.3        |  BeamFD*              |  Norm      
[ParameterHandlerGeneric.cpp][info] 108   |  b_204                                    |  1          |  +/- 0.12   |  0          |  9999       |  0.3        |  BeamFD*              |  Norm      
[ParameterHandlerGeneric.cpp][info] 109   |  b_205                                    |  1          |  +/- 0.12   |  0          |  9999       |  0.3        |  BeamFD*              |  Norm      
[ParameterHandlerGeneric.cpp][info] 110   |  b_206                                    |  1          |  +/- 0.14   |  0          |  9999       |  0.3        |  BeamFD*              |  Norm      
[ParameterHandlerGeneric.cpp][info] 111   |  b_207                                    |  1          |  +/- 0.20   |  0          |  9999       |  0.3        |  BeamFD*              |  Norm      
[ParameterHandlerGeneric.cpp][info] ============================================================================================================================================================
[ParameterHandlerGeneric.cpp][info] Normalisation parameters:  104
[ParameterHandlerGeneric.cpp][info] ┌────┬──────────┬────────────────────────────────────────┬────────────────────┬────────────────────┬────────────────────┐
[ParameterHandlerGeneric.cpp][info] │#   │Global #  │Name                                    │Int. mode           │Target              │pdg                 │
[ParameterHandlerGeneric.cpp][info] ├────┼──────────┼────────────────────────────────────────┼────────────────────┼────────────────────┼────────────────────┤
[ParameterHandlerGeneric.cpp][info] │0   │8         │b_104                                   │all                 │all                 │all                 │
[ParameterHandlerGeneric.cpp][info] │1   │9         │b_105                                   │all                 │all                 │all                 │
[ParameterHandlerGeneric.cpp][info] │2   │10        │b_106                                   │all                 │all                 │all                 │
[ParameterHandlerGeneric.cpp][info] │3   │11        │b_107                                   │all                 │all                 │all                 │
[ParameterHandlerGeneric.cpp][info] │4   │12        │b_108                                   │all                 │all                 │all                 │
[ParameterHandlerGeneric.cpp][info] │5   │13        │b_109                                   │all                 │all                 │all                 │
[ParameterHandlerGeneric.cpp][info] │6   │14        │b_110                                   │all                 │all                 │all                 │
[ParameterHandlerGeneric.cpp][info] │7   │15        │b_111                                   │all                 │all                 │all                 │
[ParameterHandlerGeneric.cpp][info] │8   │16        │b_112                                   │all                 │all                 │all                 │
[ParameterHandlerGeneric.cpp][info] │9   │17        │b_113                                   │all                 │all                 │all                 │
[ParameterHandlerGeneric.cpp][info] │10  │18        │b_114                                   │all                 │all                 │all                 │
[ParameterHandlerGeneric.cpp][info] │11  │19        │b_115                                   │all                 │all                 │all                 │
[ParameterHandlerGeneric.cpp][info] │12  │20        │b_116                                   │all                 │all                 │all                 │
[ParameterHandlerGeneric.cpp][info] │13  │21        │b_117                                   │all                 │all                 │all                 │
[ParameterHandlerGeneric.cpp][info] │14  │22        │b_118                                   │all                 │all                 │all                 │
[ParameterHandlerGeneric.cpp][info] │15  │23        │b_119                                   │all                 │all                 │all                 │
[ParameterHandlerGeneric.cpp][info] │16  │24        │b_120                                   │all                 │all                 │all                 │
[ParameterHandlerGeneric.cpp][info] │17  │25        │b_121                                   │all                 │all                 │all                 │
[ParameterHandlerGeneric.cpp][info] │18  │26        │b_122                                   │all                 │all                 │all                 │
[ParameterHandlerGeneric.cpp][info] │19  │27        │b_123                                   │all                 │all                 │all                 │
[ParameterHandlerGeneric.cpp][info] │20  │28        │b_124                                   │all                 │all                 │all                 │
[ParameterHandlerGeneric.cpp][info] │21  │29        │b_125                                   │all                 │all                 │all                 │
[ParameterHandlerGeneric.cpp][info] │22  │30        │b_126                                   │all                 │all                 │all                 │
[ParameterHandlerGeneric.cpp][info] │23  │31        │b_127                                   │all                 │all                 │all                 │
[ParameterHandlerGeneric.cpp][info] │24  │32        │b_128                                   │all                 │all                 │all                 │
[ParameterHandlerGeneric.cpp][info] │25  │33        │b_129                                   │all                 │all                 │all                 │
[ParameterHandlerGeneric.cpp][info] │26  │34        │b_130                                   │all                 │all                 │all                 │
[ParameterHandlerGeneric.cpp][info] │27  │35        │b_131                                   │all                 │all                 │all                 │
[ParameterHandlerGeneric.cpp][info] │28  │36        │b_132                                   │all                 │all                 │all                 │
[ParameterHandlerGeneric.cpp][info] │29  │37        │b_133                                   │all                 │all                 │all                 │
[ParameterHandlerGeneric.cpp][info] │30  │38        │b_134                                   │all                 │all                 │all                 │
[ParameterHandlerGeneric.cpp][info] │31  │39        │b_135                                   │all                 │all                 │all                 │
[ParameterHandlerGeneric.cpp][info] │32  │40        │b_136                                   │all                 │all                 │all                 │
[ParameterHandlerGeneric.cpp][info] │33  │41        │b_137                                   │all                 │all                 │all                 │
[ParameterHandlerGeneric.cpp][info] │34  │42        │b_138                                   │all                 │all                 │all                 │
[ParameterHandlerGeneric.cpp][info] │35  │43        │b_139                                   │all                 │all                 │all                 │
[ParameterHandlerGeneric.cpp][info] │36  │44        │b_140                                   │all                 │all                 │all                 │
[ParameterHandlerGeneric.cpp][info] │37  │45        │b_141                                   │all                 │all                 │all                 │
[ParameterHandlerGeneric.cpp][info] │38  │46        │b_142                                   │all                 │all                 │all                 │
[ParameterHandlerGeneric.cpp][info] │39  │47        │b_143                                   │all                 │all                 │all                 │
[ParameterHandlerGeneric.cpp][info] │40  │48        │b_144                                   │all                 │all                 │all                 │
[ParameterHandlerGeneric.cpp][info] │41  │49        │b_145                                   │all                 │all                 │all                 │
[ParameterHandlerGeneric.cpp][info] │42  │50        │b_146                                   │all                 │all                 │all                 │
[ParameterHandlerGeneric.cpp][info] │43  │51        │b_147                                   │all                 │all                 │all                 │
[ParameterHandlerGeneric.cpp][info] │44  │52        │b_148                                   │all                 │all                 │all                 │
[ParameterHandlerGeneric.cpp][info] │45  │53        │b_149                                   │all                 │all                 │all                 │
[ParameterHandlerGeneric.cpp][info] │46  │54        │b_150                                   │all                 │all                 │all                 │
[ParameterHandlerGeneric.cpp][info] │47  │55        │b_151                                   │all                 │all                 │all                 │
[ParameterHandlerGeneric.cpp][info] │48  │56        │b_152                                   │all                 │all                 │all                 │
[ParameterHandlerGeneric.cpp][info] │49  │57        │b_153                                   │all                 │all                 │all                 │
[ParameterHandlerGeneric.cpp][info] │50  │58        │b_154                                   │all                 │all                 │all                 │
[ParameterHandlerGeneric.cpp][info] │51  │59        │b_155                                   │all                 │all                 │all                 │
[ParameterHandlerGeneric.cpp][info] │52  │60        │b_156                                   │all                 │all                 │all                 │
[ParameterHandlerGeneric.cpp][info] │53  │61        │b_157                                   │all                 │all                 │all                 │
[ParameterHandlerGeneric.cpp][info] │54  │62        │b_158                                   │all                 │all                 │all                 │
[ParameterHandlerGeneric.cpp][info] │55  │63        │b_159                                   │all                 │all                 │all                 │
[ParameterHandlerGeneric.cpp][info] │56  │64        │b_160                                   │all                 │all                 │all                 │
[ParameterHandlerGeneric.cpp][info] │57  │65        │b_161                                   │all                 │all                 │all                 │
[ParameterHandlerGeneric.cpp][info] │58  │66        │b_162                                   │all                 │all                 │all                 │
[ParameterHandlerGeneric.cpp][info] │59  │67        │b_163                                   │all                 │all                 │all                 │
[ParameterHandlerGeneric.cpp][info] │60  │68        │b_164                                   │all                 │all                 │all                 │
[ParameterHandlerGeneric.cpp][info] │61  │69        │b_165                                   │all                 │all                 │all                 │
[ParameterHandlerGeneric.cpp][info] │62  │70        │b_166                                   │all                 │all                 │all                 │
[ParameterHandlerGeneric.cpp][info] │63  │71        │b_167                                   │all                 │all                 │all                 │
[ParameterHandlerGeneric.cpp][info] │64  │72        │b_168                                   │all                 │all                 │all                 │
[ParameterHandlerGeneric.cpp][info] │65  │73        │b_169                                   │all                 │all                 │all                 │
[ParameterHandlerGeneric.cpp][info] │66  │74        │b_170                                   │all                 │all                 │all                 │
[ParameterHandlerGeneric.cpp][info] │67  │75        │b_171                                   │all                 │all                 │all                 │
[ParameterHandlerGeneric.cpp][info] │68  │76        │b_172                                   │all                 │all                 │all                 │
[ParameterHandlerGeneric.cpp][info] │69  │77        │b_173                                   │all                 │all                 │all                 │
[ParameterHandlerGeneric.cpp][info] │70  │78        │b_174                                   │all                 │all                 │all                 │
[ParameterHandlerGeneric.cpp][info] │71  │79        │b_175                                   │all                 │all                 │all                 │
[ParameterHandlerGeneric.cpp][info] │72  │80        │b_176                                   │all                 │all                 │all                 │
[ParameterHandlerGeneric.cpp][info] │73  │81        │b_177                                   │all                 │all                 │all                 │
[ParameterHandlerGeneric.cpp][info] │74  │82        │b_178                                   │all                 │all                 │all                 │
[ParameterHandlerGeneric.cpp][info] │75  │83        │b_179                                   │all                 │all                 │all                 │
[ParameterHandlerGeneric.cpp][info] │76  │84        │b_180                                   │all                 │all                 │all                 │
[ParameterHandlerGeneric.cpp][info] │77  │85        │b_181                                   │all                 │all                 │all                 │
[ParameterHandlerGeneric.cpp][info] │78  │86        │b_182                                   │all                 │all                 │all                 │
[ParameterHandlerGeneric.cpp][info] │79  │87        │b_183                                   │all                 │all                 │all                 │
[ParameterHandlerGeneric.cpp][info] │80  │88        │b_184                                   │all                 │all                 │all                 │
[ParameterHandlerGeneric.cpp][info] │81  │89        │b_185                                   │all                 │all                 │all                 │
[ParameterHandlerGeneric.cpp][info] │82  │90        │b_186                                   │all                 │all                 │all                 │
[ParameterHandlerGeneric.cpp][info] │83  │91        │b_187                                   │all                 │all                 │all                 │
[ParameterHandlerGeneric.cpp][info] │84  │92        │b_188                                   │all                 │all                 │all                 │
[ParameterHandlerGeneric.cpp][info] │85  │93        │b_189                                   │all                 │all                 │all                 │
[ParameterHandlerGeneric.cpp][info] │86  │94        │b_190                                   │all                 │all                 │all                 │
[ParameterHandlerGeneric.cpp][info] │87  │95        │b_191                                   │all                 │all                 │all                 │
[ParameterHandlerGeneric.cpp][info] │88  │96        │b_192                                   │all                 │all                 │all                 │
[ParameterHandlerGeneric.cpp][info] │89  │97        │b_193                                   │all                 │all                 │all                 │
[ParameterHandlerGeneric.cpp][info] │90  │98        │b_194                                   │all                 │all                 │all                 │
[ParameterHandlerGeneric.cpp][info] │91  │99        │b_195                                   │all                 │all                 │all                 │
[ParameterHandlerGeneric.cpp][info] │92  │100       │b_196                                   │all                 │all                 │all                 │
[ParameterHandlerGeneric.cpp][info] │93  │101       │b_197                                   │all                 │all                 │all                 │
[ParameterHandlerGeneric.cpp][info] │94  │102       │b_198                                   │all                 │all                 │all                 │
[ParameterHandlerGeneric.cpp][info] │95  │103       │b_199                                   │all                 │all                 │all                 │
[ParameterHandlerGeneric.cpp][info] │96  │104       │b_200                                   │all                 │all                 │all                 │
[ParameterHandlerGeneric.cpp][info] │97  │105       │b_201                                   │all                 │all                 │all                 │
[ParameterHandlerGeneric.cpp][info] │98  │106       │b_202                                   │all                 │all                 │all                 │
[ParameterHandlerGeneric.cpp][info] │99  │107       │b_203                                   │all                 │all                 │all                 │
[ParameterHandlerGeneric.cpp][info] │100 │108       │b_204                                   │all                 │all                 │all                 │
[ParameterHandlerGeneric.cpp][info] │101 │109       │b_205                                   │all                 │all                 │all                 │
[ParameterHandlerGeneric.cpp][info] │102 │110       │b_206                                   │all                 │all                 │all                 │
[ParameterHandlerGeneric.cpp][info] │103 │111       │b_207                                   │all                 │all                 │all                 │
[ParameterHandlerGeneric.cpp][info] └────┴──────────┴────────────────────────────────────────┴────────────────────┴────────────────────┴────────────────────┘
[ParameterHandlerGeneric.cpp][info] Normalisation parameters KinematicCuts information
[ParameterHandlerGeneric.cpp][info] ┌────┬──────────┬────────────────────────────────────────┬────────────────────┬────────────────────────────────────────┐
[ParameterHandlerGeneric.cpp][info] │#   │Global #  │Name                                    │KinematicCut        │Value                                   │
[ParameterHandlerGeneric.cpp][info] ├────┼──────────┼────────────────────────────────────────┼────────────────────┼────────────────────────────────────────┤
[ParameterHandlerGeneric.cpp][info] │0   │8         │b_104                                   │TrueNeutrinoEnergy  │0.00 0.50                               │
[ParameterHandlerGeneric.cpp][info] │    │          │                                        │IsFHC               │0.90 1.10                               │
[ParameterHandlerGeneric.cpp][info] │1   │9         │b_105                                   │TrueNeutrinoEnergy  │0.50 1.00                               │
[ParameterHandlerGeneric.cpp][info] │    │          │                                        │IsFHC               │0.90 1.10                               │
[ParameterHandlerGeneric.cpp][info] │2   │10        │b_106                                   │TrueNeutrinoEnergy  │1.00 1.50                               │
[ParameterHandlerGeneric.cpp][info] │    │          │                                        │IsFHC               │0.90 1.10                               │
[ParameterHandlerGeneric.cpp][info] │3   │11        │b_107                                   │TrueNeutrinoEnergy  │1.50 2.00                               │
[ParameterHandlerGeneric.cpp][info] │    │          │                                        │IsFHC               │0.90 1.10                               │
[ParameterHandlerGeneric.cpp][info] │4   │12        │b_108                                   │TrueNeutrinoEnergy  │2.00 2.50                               │
[ParameterHandlerGeneric.cpp][info] │    │          │                                        │IsFHC               │0.90 1.10                               │
[ParameterHandlerGeneric.cpp][info] │5   │13        │b_109                                   │TrueNeutrinoEnergy  │2.50 3.00                               │
[ParameterHandlerGeneric.cpp][info] │    │          │                                        │IsFHC               │0.90 1.10                               │
[ParameterHandlerGeneric.cpp][info] │6   │14        │b_110                                   │TrueNeutrinoEnergy  │3.00 3.50                               │
[ParameterHandlerGeneric.cpp][info] │    │          │                                        │IsFHC               │0.90 1.10                               │
[ParameterHandlerGeneric.cpp][info] │7   │15        │b_111                                   │TrueNeutrinoEnergy  │3.50 4.00                               │
[ParameterHandlerGeneric.cpp][info] │    │          │                                        │IsFHC               │0.90 1.10                               │
[ParameterHandlerGeneric.cpp][info] │8   │16        │b_112                                   │TrueNeutrinoEnergy  │4.00 4.50                               │
[ParameterHandlerGeneric.cpp][info] │    │          │                                        │IsFHC               │0.90 1.10                               │
[ParameterHandlerGeneric.cpp][info] │9   │17        │b_113                                   │TrueNeutrinoEnergy  │4.50 5.00                               │
[ParameterHandlerGeneric.cpp][info] │    │          │                                        │IsFHC               │0.90 1.10                               │
[ParameterHandlerGeneric.cpp][info] │10  │18        │b_114                                   │TrueNeutrinoEnergy  │5.00 5.50                               │
[ParameterHandlerGeneric.cpp][info] │    │          │                                        │IsFHC               │0.90 1.10                               │
[ParameterHandlerGeneric.cpp][info] │11  │19        │b_115                                   │TrueNeutrinoEnergy  │5.50 6.00                               │
[ParameterHandlerGeneric.cpp][info] │    │          │                                        │IsFHC               │0.90 1.10                               │
[ParameterHandlerGeneric.cpp][info] │12  │20        │b_116                                   │TrueNeutrinoEnergy  │6.00 7.00                               │
[ParameterHandlerGeneric.cpp][info] │    │          │                                        │IsFHC               │0.90 1.10                               │
[ParameterHandlerGeneric.cpp][info] │13  │21        │b_117                                   │TrueNeutrinoEnergy  │7.00 8.00                               │
[ParameterHandlerGeneric.cpp][info] │    │          │                                        │IsFHC               │0.90 1.10                               │
[ParameterHandlerGeneric.cpp][info] │14  │22        │b_118                                   │TrueNeutrinoEnergy  │8.00 12.00                              │
[ParameterHandlerGeneric.cpp][info] │    │          │                                        │IsFHC               │0.90 1.10                               │
[ParameterHandlerGeneric.cpp][info] │15  │23        │b_119                                   │TrueNeutrinoEnergy  │12.00 16.00                             │
[ParameterHandlerGeneric.cpp][info] │    │          │                                        │IsFHC               │0.90 1.10                               │
[ParameterHandlerGeneric.cpp][info] │16  │24        │b_120                                   │TrueNeutrinoEnergy  │16.00 20.00                             │
[ParameterHandlerGeneric.cpp][info] │    │          │                                        │IsFHC               │0.90 1.10                               │
[ParameterHandlerGeneric.cpp][info] │17  │25        │b_121                                   │TrueNeutrinoEnergy  │20.00 40.00                             │
[ParameterHandlerGeneric.cpp][info] │    │          │                                        │IsFHC               │0.90 1.10                               │
[ParameterHandlerGeneric.cpp][info] │18  │26        │b_122                                   │TrueNeutrinoEnergy  │40.00 100.00                            │
[ParameterHandlerGeneric.cpp][info] │    │          │                                        │IsFHC               │0.90 1.10                               │
[ParameterHandlerGeneric.cpp][info] │19  │27        │b_123                                   │TrueNeutrinoEnergy  │0.00 0.50                               │
[ParameterHandlerGeneric.cpp][info] │    │          │                                        │IsFHC               │0.90 1.10                               │
[ParameterHandlerGeneric.cpp][info] │20  │28        │b_124                                   │TrueNeutrinoEnergy  │0.50 1.00                               │
[ParameterHandlerGeneric.cpp][info] │    │          │                                        │IsFHC               │0.90 1.10                               │
[ParameterHandlerGeneric.cpp][info] │21  │29        │b_125                                   │TrueNeutrinoEnergy  │1.00 1.50                               │
[ParameterHandlerGeneric.cpp][info] │    │          │                                        │IsFHC               │0.90 1.10                               │
[ParameterHandlerGeneric.cpp][info] │22  │30        │b_126                                   │TrueNeutrinoEnergy  │1.50 2.00                               │
[ParameterHandlerGeneric.cpp][info] │    │          │                                        │IsFHC               │0.90 1.10                               │
[ParameterHandlerGeneric.cpp][info] │23  │31        │b_127                                   │TrueNeutrinoEnergy  │2.00 2.50                               │
[ParameterHandlerGeneric.cpp][info] │    │          │                                        │IsFHC               │0.90 1.10                               │
[ParameterHandlerGeneric.cpp][info] │24  │32        │b_128                                   │TrueNeutrinoEnergy  │2.50 3.00                               │
[ParameterHandlerGeneric.cpp][info] │    │          │                                        │IsFHC               │0.90 1.10                               │
[ParameterHandlerGeneric.cpp][info] │25  │33        │b_129                                   │TrueNeutrinoEnergy  │3.00 3.50                               │
[ParameterHandlerGeneric.cpp][info] │    │          │                                        │IsFHC               │0.90 1.10                               │
[ParameterHandlerGeneric.cpp][info] │26  │34        │b_130                                   │TrueNeutrinoEnergy  │3.50 4.00                               │
[ParameterHandlerGeneric.cpp][info] │    │          │                                        │IsFHC               │0.90 1.10                               │
[ParameterHandlerGeneric.cpp][info] │27  │35        │b_131                                   │TrueNeutrinoEnergy  │4.00 4.50                               │
[ParameterHandlerGeneric.cpp][info] │    │          │                                        │IsFHC               │0.90 1.10                               │
[ParameterHandlerGeneric.cpp][info] │28  │36        │b_132                                   │TrueNeutrinoEnergy  │4.50 5.00                               │
[ParameterHandlerGeneric.cpp][info] │    │          │                                        │IsFHC               │0.90 1.10                               │
[ParameterHandlerGeneric.cpp][info] │29  │37        │b_133                                   │TrueNeutrinoEnergy  │5.00 5.50                               │
[ParameterHandlerGeneric.cpp][info] │    │          │                                        │IsFHC               │0.90 1.10                               │
[ParameterHandlerGeneric.cpp][info] │30  │38        │b_134                                   │TrueNeutrinoEnergy  │5.50 6.00                               │
[ParameterHandlerGeneric.cpp][info] │    │          │                                        │IsFHC               │0.90 1.10                               │
[ParameterHandlerGeneric.cpp][info] │31  │39        │b_135                                   │TrueNeutrinoEnergy  │6.00 7.00                               │
[ParameterHandlerGeneric.cpp][info] │    │          │                                        │IsFHC               │0.90 1.10                               │
[ParameterHandlerGeneric.cpp][info] │32  │40        │b_136                                   │TrueNeutrinoEnergy  │7.00 8.00                               │
[ParameterHandlerGeneric.cpp][info] │    │          │                                        │IsFHC               │0.90 1.10                               │
[ParameterHandlerGeneric.cpp][info] │33  │41        │b_137                                   │TrueNeutrinoEnergy  │8.00 12.00                              │
[ParameterHandlerGeneric.cpp][info] │    │          │                                        │IsFHC               │0.90 1.10                               │
[ParameterHandlerGeneric.cpp][info] │34  │42        │b_138                                   │TrueNeutrinoEnergy  │12.00 16.00                             │
[ParameterHandlerGeneric.cpp][info] │    │          │                                        │IsFHC               │0.90 1.10                               │
[ParameterHandlerGeneric.cpp][info] │35  │43        │b_139                                   │TrueNeutrinoEnergy  │16.00 20.00                             │
[ParameterHandlerGeneric.cpp][info] │    │          │                                        │IsFHC               │0.90 1.10                               │
[ParameterHandlerGeneric.cpp][info] │36  │44        │b_140                                   │TrueNeutrinoEnergy  │20.00 40.00                             │
[ParameterHandlerGeneric.cpp][info] │    │          │                                        │IsFHC               │0.90 1.10                               │
[ParameterHandlerGeneric.cpp][info] │37  │45        │b_141                                   │TrueNeutrinoEnergy  │40.00 100.00                            │
[ParameterHandlerGeneric.cpp][info] │    │          │                                        │IsFHC               │0.90 1.10                               │
[ParameterHandlerGeneric.cpp][info] │38  │46        │b_142                                   │TrueNeutrinoEnergy  │0.00 2.00                               │
[ParameterHandlerGeneric.cpp][info] │    │          │                                        │IsFHC               │0.90 1.10                               │
[ParameterHandlerGeneric.cpp][info] │39  │47        │b_143                                   │TrueNeutrinoEnergy  │2.00 4.00                               │
[ParameterHandlerGeneric.cpp][info] │    │          │                                        │IsFHC               │0.90 1.10                               │
[ParameterHandlerGeneric.cpp][info] │40  │48        │b_144                                   │TrueNeutrinoEnergy  │4.00 6.00                               │
[ParameterHandlerGeneric.cpp][info] │    │          │                                        │IsFHC               │0.90 1.10                               │
[ParameterHandlerGeneric.cpp][info] │41  │49        │b_145                                   │TrueNeutrinoEnergy  │6.00 8.00                               │
[ParameterHandlerGeneric.cpp][info] │    │          │                                        │IsFHC               │0.90 1.10                               │
[ParameterHandlerGeneric.cpp][info] │42  │50        │b_146                                   │TrueNeutrinoEnergy  │8.00 10.00                              │
[ParameterHandlerGeneric.cpp][info] │    │          │                                        │IsFHC               │0.90 1.10                               │
[ParameterHandlerGeneric.cpp][info] │43  │51        │b_147                                   │TrueNeutrinoEnergy  │10.00 20.00                             │
[ParameterHandlerGeneric.cpp][info] │    │          │                                        │IsFHC               │0.90 1.10                               │
[ParameterHandlerGeneric.cpp][info] │44  │52        │b_148                                   │TrueNeutrinoEnergy  │20.00 100.00                            │
[ParameterHandlerGeneric.cpp][info] │    │          │                                        │IsFHC               │0.90 1.10                               │
[ParameterHandlerGeneric.cpp][info] │45  │53        │b_149                                   │TrueNeutrinoEnergy  │0.00 2.00                               │
[ParameterHandlerGeneric.cpp][info] │    │          │                                        │IsFHC               │0.90 1.10                               │
[ParameterHandlerGeneric.cpp][info] │46  │54        │b_150                                   │TrueNeutrinoEnergy  │2.00 4.00                               │
[ParameterHandlerGeneric.cpp][info] │    │          │                                        │IsFHC               │0.90 1.10                               │
[ParameterHandlerGeneric.cpp][info] │47  │55        │b_151                                   │TrueNeutrinoEnergy  │4.00 6.00                               │
[ParameterHandlerGeneric.cpp][info] │    │          │                                        │IsFHC               │0.90 1.10                               │
[ParameterHandlerGeneric.cpp][info] │48  │56        │b_152                                   │TrueNeutrinoEnergy  │6.00 8.00                               │
[ParameterHandlerGeneric.cpp][info] │    │          │                                        │IsFHC               │0.90 1.10                               │
[ParameterHandlerGeneric.cpp][info] │49  │57        │b_153                                   │TrueNeutrinoEnergy  │8.00 10.00                              │
[ParameterHandlerGeneric.cpp][info] │    │          │                                        │IsFHC               │0.90 1.10                               │
[ParameterHandlerGeneric.cpp][info] │50  │58        │b_154                                   │TrueNeutrinoEnergy  │10.00 20.00                             │
[ParameterHandlerGeneric.cpp][info] │    │          │                                        │IsFHC               │0.90 1.10                               │
[ParameterHandlerGeneric.cpp][info] │51  │59        │b_155                                   │TrueNeutrinoEnergy  │20.00 100.00                            │
[ParameterHandlerGeneric.cpp][info] │    │          │                                        │IsFHC               │0.90 1.10                               │
[ParameterHandlerGeneric.cpp][info] │52  │60        │b_156                                   │TrueNeutrinoEnergy  │0.00 0.50                               │
[ParameterHandlerGeneric.cpp][info] │    │          │                                        │IsFHC               │-0.10 0.10                              │
[ParameterHandlerGeneric.cpp][info] │53  │61        │b_157                                   │TrueNeutrinoEnergy  │0.50 1.00                               │
[ParameterHandlerGeneric.cpp][info] │    │          │                                        │IsFHC               │-0.10 0.10                              │
[ParameterHandlerGeneric.cpp][info] │54  │62        │b_158                                   │TrueNeutrinoEnergy  │1.00 1.50                               │
[ParameterHandlerGeneric.cpp][info] │    │          │                                        │IsFHC               │-0.10 0.10                              │
[ParameterHandlerGeneric.cpp][info] │55  │63        │b_159                                   │TrueNeutrinoEnergy  │1.50 2.00                               │
[ParameterHandlerGeneric.cpp][info] │    │          │                                        │IsFHC               │-0.10 0.10                              │
[ParameterHandlerGeneric.cpp][info] │56  │64        │b_160                                   │TrueNeutrinoEnergy  │2.00 2.50                               │
[ParameterHandlerGeneric.cpp][info] │    │          │                                        │IsFHC               │-0.10 0.10                              │
[ParameterHandlerGeneric.cpp][info] │57  │65        │b_161                                   │TrueNeutrinoEnergy  │2.50 3.00                               │
[ParameterHandlerGeneric.cpp][info] │    │          │                                        │IsFHC               │-0.10 0.10                              │
[ParameterHandlerGeneric.cpp][info] │58  │66        │b_162                                   │TrueNeutrinoEnergy  │3.00 3.50                               │
[ParameterHandlerGeneric.cpp][info] │    │          │                                        │IsFHC               │-0.10 0.10                              │
[ParameterHandlerGeneric.cpp][info] │59  │67        │b_163                                   │TrueNeutrinoEnergy  │3.50 4.00                               │
[ParameterHandlerGeneric.cpp][info] │    │          │                                        │IsFHC               │-0.10 0.10                              │
[ParameterHandlerGeneric.cpp][info] │60  │68        │b_164                                   │TrueNeutrinoEnergy  │4.00 4.50                               │
[ParameterHandlerGeneric.cpp][info] │    │          │                                        │IsFHC               │-0.10 0.10                              │
[ParameterHandlerGeneric.cpp][info] │61  │69        │b_165                                   │TrueNeutrinoEnergy  │4.50 5.00                               │
[ParameterHandlerGeneric.cpp][info] │    │          │                                        │IsFHC               │-0.10 0.10                              │
[ParameterHandlerGeneric.cpp][info] │62  │70        │b_166                                   │TrueNeutrinoEnergy  │5.00 5.50                               │
[ParameterHandlerGeneric.cpp][info] │    │          │                                        │IsFHC               │-0.10 0.10                              │
[ParameterHandlerGeneric.cpp][info] │63  │71        │b_167                                   │TrueNeutrinoEnergy  │5.50 6.00                               │
[ParameterHandlerGeneric.cpp][info] │    │          │                                        │IsFHC               │-0.10 0.10                              │
[ParameterHandlerGeneric.cpp][info] │64  │72        │b_168                                   │TrueNeutrinoEnergy  │6.00 7.00                               │
[ParameterHandlerGeneric.cpp][info] │    │          │                                        │IsFHC               │-0.10 0.10                              │
[ParameterHandlerGeneric.cpp][info] │65  │73        │b_169                                   │TrueNeutrinoEnergy  │7.00 8.00                               │
[ParameterHandlerGeneric.cpp][info] │    │          │                                        │IsFHC               │-0.10 0.10                              │
[ParameterHandlerGeneric.cpp][info] │66  │74        │b_170                                   │TrueNeutrinoEnergy  │8.00 12.00                              │
[ParameterHandlerGeneric.cpp][info] │    │          │                                        │IsFHC               │-0.10 0.10                              │
[ParameterHandlerGeneric.cpp][info] │67  │75        │b_171                                   │TrueNeutrinoEnergy  │12.00 16.00                             │
[ParameterHandlerGeneric.cpp][info] │    │          │                                        │IsFHC               │-0.10 0.10                              │
[ParameterHandlerGeneric.cpp][info] │68  │76        │b_172                                   │TrueNeutrinoEnergy  │16.00 20.00                             │
[ParameterHandlerGeneric.cpp][info] │    │          │                                        │IsFHC               │-0.10 0.10                              │
[ParameterHandlerGeneric.cpp][info] │69  │77        │b_173                                   │TrueNeutrinoEnergy  │20.00 40.00                             │
[ParameterHandlerGeneric.cpp][info] │    │          │                                        │IsFHC               │-0.10 0.10                              │
[ParameterHandlerGeneric.cpp][info] │70  │78        │b_174                                   │TrueNeutrinoEnergy  │40.00 100.00                            │
[ParameterHandlerGeneric.cpp][info] │    │          │                                        │IsFHC               │-0.10 0.10                              │
[ParameterHandlerGeneric.cpp][info] │71  │79        │b_175                                   │TrueNeutrinoEnergy  │0.00 0.50                               │
[ParameterHandlerGeneric.cpp][info] │    │          │                                        │IsFHC               │-0.10 0.10                              │
[ParameterHandlerGeneric.cpp][info] │72  │80        │b_176                                   │TrueNeutrinoEnergy  │0.50 1.00                               │
[ParameterHandlerGeneric.cpp][info] │    │          │                                        │IsFHC               │-0.10 0.10                              │
[ParameterHandlerGeneric.cpp][info] │73  │81        │b_177                                   │TrueNeutrinoEnergy  │1.00 1.50                               │
[ParameterHandlerGeneric.cpp][info] │    │          │                                        │IsFHC               │-0.10 0.10                              │
[ParameterHandlerGeneric.cpp][info] │74  │82        │b_178                                   │TrueNeutrinoEnergy  │1.50 2.00                               │
[ParameterHandlerGeneric.cpp][info] │    │          │                                        │IsFHC               │-0.10 0.10                              │
[ParameterHandlerGeneric.cpp][info] │75  │83        │b_179                                   │TrueNeutrinoEnergy  │2.00 2.50                               │
[ParameterHandlerGeneric.cpp][info] │    │          │                                        │IsFHC               │-0.10 0.10                              │
[ParameterHandlerGeneric.cpp][info] │76  │84        │b_180                                   │TrueNeutrinoEnergy  │2.50 3.00                               │
[ParameterHandlerGeneric.cpp][info] │    │          │                                        │IsFHC               │-0.10 0.10                              │
[ParameterHandlerGeneric.cpp][info] │77  │85        │b_181                                   │TrueNeutrinoEnergy  │3.00 3.50                               │
[ParameterHandlerGeneric.cpp][info] │    │          │                                        │IsFHC               │-0.10 0.10                              │
[ParameterHandlerGeneric.cpp][info] │78  │86        │b_182                                   │TrueNeutrinoEnergy  │3.50 4.00                               │
[ParameterHandlerGeneric.cpp][info] │    │          │                                        │IsFHC               │-0.10 0.10                              │
[ParameterHandlerGeneric.cpp][info] │79  │87        │b_183                                   │TrueNeutrinoEnergy  │4.00 4.50                               │
[ParameterHandlerGeneric.cpp][info] │    │          │                                        │IsFHC               │-0.10 0.10                              │
[ParameterHandlerGeneric.cpp][info] │80  │88        │b_184                                   │TrueNeutrinoEnergy  │4.50 5.00                               │
[ParameterHandlerGeneric.cpp][info] │    │          │                                        │IsFHC               │-0.10 0.10                              │
[ParameterHandlerGeneric.cpp][info] │81  │89        │b_185                                   │TrueNeutrinoEnergy  │5.00 5.50                               │
[ParameterHandlerGeneric.cpp][info] │    │          │                                        │IsFHC               │-0.10 0.10                              │
[ParameterHandlerGeneric.cpp][info] │82  │90        │b_186                                   │TrueNeutrinoEnergy  │5.50 6.00                               │
[ParameterHandlerGeneric.cpp][info] │    │          │                                        │IsFHC               │-0.10 0.10                              │
[ParameterHandlerGeneric.cpp][info] │83  │91        │b_187                                   │TrueNeutrinoEnergy  │6.00 7.00                               │
[ParameterHandlerGeneric.cpp][info] │    │          │                                        │IsFHC               │-0.10 0.10                              │
[ParameterHandlerGeneric.cpp][info] │84  │92        │b_188                                   │TrueNeutrinoEnergy  │7.00 8.00                               │
[ParameterHandlerGeneric.cpp][info] │    │          │                                        │IsFHC               │-0.10 0.10                              │
[ParameterHandlerGeneric.cpp][info] │85  │93        │b_189                                   │TrueNeutrinoEnergy  │8.00 12.00                              │
[ParameterHandlerGeneric.cpp][info] │    │          │                                        │IsFHC               │-0.10 0.10                              │
[ParameterHandlerGeneric.cpp][info] │86  │94        │b_190                                   │TrueNeutrinoEnergy  │12.00 16.00                             │
[ParameterHandlerGeneric.cpp][info] │    │          │                                        │IsFHC               │-0.10 0.10                              │
[ParameterHandlerGeneric.cpp][info] │87  │95        │b_191                                   │TrueNeutrinoEnergy  │16.00 20.00                             │
[ParameterHandlerGeneric.cpp][info] │    │          │                                        │IsFHC               │-0.10 0.10                              │
[ParameterHandlerGeneric.cpp][info] │88  │96        │b_192                                   │TrueNeutrinoEnergy  │20.00 40.00                             │
[ParameterHandlerGeneric.cpp][info] │    │          │                                        │IsFHC               │-0.10 0.10                              │
[ParameterHandlerGeneric.cpp][info] │89  │97        │b_193                                   │TrueNeutrinoEnergy  │40.00 100.00                            │
[ParameterHandlerGeneric.cpp][info] │    │          │                                        │IsFHC               │-0.10 0.10                              │
[ParameterHandlerGeneric.cpp][info] │90  │98        │b_194                                   │TrueNeutrinoEnergy  │0.00 2.00                               │
[ParameterHandlerGeneric.cpp][info] │    │          │                                        │IsFHC               │-0.10 0.10                              │
[ParameterHandlerGeneric.cpp][info] │91  │99        │b_195                                   │TrueNeutrinoEnergy  │2.00 4.00                               │
[ParameterHandlerGeneric.cpp][info] │    │          │                                        │IsFHC               │-0.10 0.10                              │
[ParameterHandlerGeneric.cpp][info] │92  │100       │b_196                                   │TrueNeutrinoEnergy  │4.00 6.00                               │
[ParameterHandlerGeneric.cpp][info] │    │          │                                        │IsFHC               │-0.10 0.10                              │
[ParameterHandlerGeneric.cpp][info] │93  │101       │b_197                                   │TrueNeutrinoEnergy  │6.00 8.00                               │
[ParameterHandlerGeneric.cpp][info] │    │          │                                        │IsFHC               │-0.10 0.10                              │
[ParameterHandlerGeneric.cpp][info] │94  │102       │b_198                                   │TrueNeutrinoEnergy  │8.00 10.00                              │
[ParameterHandlerGeneric.cpp][info] │    │          │                                        │IsFHC               │-0.10 0.10                              │
[ParameterHandlerGeneric.cpp][info] │95  │103       │b_199                                   │TrueNeutrinoEnergy  │10.00 20.00                             │
[ParameterHandlerGeneric.cpp][info] │    │          │                                        │IsFHC               │-0.10 0.10                              │
[ParameterHandlerGeneric.cpp][info] │96  │104       │b_200                                   │TrueNeutrinoEnergy  │20.00 100.00                            │
[ParameterHandlerGeneric.cpp][info] │    │          │                                        │IsFHC               │-0.10 0.10                              │
[ParameterHandlerGeneric.cpp][info] │97  │105       │b_201                                   │TrueNeutrinoEnergy  │0.00 2.00                               │
[ParameterHandlerGeneric.cpp][info] │    │          │                                        │IsFHC               │-0.10 0.10                              │
[ParameterHandlerGeneric.cpp][info] │98  │106       │b_202                                   │TrueNeutrinoEnergy  │2.00 4.00                               │
[ParameterHandlerGeneric.cpp][info] │    │          │                                        │IsFHC               │-0.10 0.10                              │
[ParameterHandlerGeneric.cpp][info] │99  │107       │b_203                                   │TrueNeutrinoEnergy  │4.00 6.00                               │
[ParameterHandlerGeneric.cpp][info] │    │          │                                        │IsFHC               │-0.10 0.10                              │
[ParameterHandlerGeneric.cpp][info] │100 │108       │b_204                                   │TrueNeutrinoEnergy  │6.00 8.00                               │
[ParameterHandlerGeneric.cpp][info] │    │          │                                        │IsFHC               │-0.10 0.10                              │
[ParameterHandlerGeneric.cpp][info] │101 │109       │b_205                                   │TrueNeutrinoEnergy  │8.00 10.00                              │
[ParameterHandlerGeneric.cpp][info] │    │          │                                        │IsFHC               │-0.10 0.10                              │
[ParameterHandlerGeneric.cpp][info] │102 │110       │b_206                                   │TrueNeutrinoEnergy  │10.00 20.00                             │
[ParameterHandlerGeneric.cpp][info] │    │          │                                        │IsFHC               │-0.10 0.10                              │
[ParameterHandlerGeneric.cpp][info] │103 │111       │b_207                                   │TrueNeutrinoEnergy  │20.00 100.00                            │
[ParameterHandlerGeneric.cpp][info] │    │          │                                        │IsFHC               │-0.10 0.10                              │
[ParameterHandlerGeneric.cpp][info] └────┴──────────┴────────────────────────────────────────┴────────────────────┴────────────────────────────────────────┘
[ParameterHandlerGeneric.cpp][info] Spline parameters: 0
[ParameterHandlerGeneric.cpp][info] Functional parameters: 0
[ParameterHandlerGeneric.cpp][info] Oscillation parameters: 8
[ParameterHandlerGeneric.cpp][info] ┌────┬──────────┬────────────────────────────────────────┐
[ParameterHandlerGeneric.cpp][info] │#   │Global #  │Name                                    │
[ParameterHandlerGeneric.cpp][info] ├────┼──────────┼────────────────────────────────────────┤
[ParameterHandlerGeneric.cpp][info] │0   │0         │sin2th_12                               │
[ParameterHandlerGeneric.cpp][info] │1   │1         │sin2th_23                               │
[ParameterHandlerGeneric.cpp][info] │2   │2         │sin2th_13                               │
[ParameterHandlerGeneric.cpp][info] │3   │3         │delm2_12                                │
[ParameterHandlerGeneric.cpp][info] │4   │4         │delm2_23                                │
[ParameterHandlerGeneric.cpp][info] │5   │5         │delta_cp                                │
[ParameterHandlerGeneric.cpp][info] │6   │6         │baseline                                │
[ParameterHandlerGeneric.cpp][info] │7   │7         │density                                 │
[ParameterHandlerGeneric.cpp][info] └────┴──────────┴────────────────────────────────────────┘
[ParameterHandlerGeneric.cpp][info] Printing parameter groups
[ParameterHandlerGeneric.cpp][info] Found 104: Flux params
[ParameterHandlerGeneric.cpp][info] Found 8: Osc params
[ParameterHandlerGeneric.cpp][info] Finished
[ParameterHandlerGeneric.cpp][info] #################################################
[ParameterHandlerBase.cpp][info] xsec_cov setStepScale() = 0.075
[MaCh3DUNEFactory.cpp][info] No SharedNuOscillatorObject for ATM found, so not creating one
[MaCh3DUNEFactory.cpp][info] No SharedNuOscillatorObject for BeamFD found, so not creating one
[MaCh3DUNEFactory.cpp][info] -------------------------------------------------------------------
[MaCh3DUNEFactory.cpp][info] Loading DUNE samples..
[Manager.cpp][info] Setting config to be: Configs/Samples/SampleHandler_BeamFDStandardRecord.yaml
[Manager.cpp][info] Config is now: 
[Monitor.cpp][info] SampleHandlerName: BeamFDStandardRecord
[Monitor.cpp][info] MaCh3ModeConfig: Configs/CovObjs/MaCh3Modes.yaml
[Monitor.cpp][info] BinningFile: Configs/Samples/BeamParameterBinning.yaml
[Monitor.cpp][info] InputFiles:
[Monitor.cpp][info]   PrepSplineFile: false
[Monitor.cpp][info]   MCEvents:
[Monitor.cpp][info]     - Tag: numode_nonswap
[Monitor.cpp][info]       FileLocation: Inputs/DUNE_CAF_files/fardet-vd_mc_list-merge_physics_cafmaker_dunevd10kt_1x8x6_3view_30deg_runreco-nuenergy_geov3_root-tuple_merged_skip000000_lim000060_final_20241024T024241.root
[Monitor.cpp][info] NuOsc:
[Monitor.cpp][info]   NuOscConfigFile: Configs/NuOsc/CUDAProb3Linear.yaml
[Monitor.cpp][info]   EqualBinningPerOscChannel: false
[Monitor.cpp][info] Samples: [BeamFD_numode_CCNumuLike]
[Monitor.cpp][info] POT:
[Monitor.cpp][info]   numode_nonswap: 1.36E23
[Monitor.cpp][info] BeamFD_numode_CCNumuLike:
[Monitor.cpp][info]   SampleName: BeamFD_numode_CCNumuLike
[Monitor.cpp][info]   SampleTitle: BeamFD_numode_CCNumuLike
[Monitor.cpp][info]   MCEventsTags: [numode_nonswap]
[Monitor.cpp][info]   SelectionCuts:
[Monitor.cpp][info]     - KinematicStr: RecoSample
[Monitor.cpp][info]       Bounds: [0.5, 1.5]
[Monitor.cpp][info]     - KinematicStr: NuPDG
[Monitor.cpp][info]       Bounds: [13.5, 14.5]
[Monitor.cpp][info]   Binning:
[Monitor.cpp][info]     VarStr: TrueNeutrinoEnergy
[Monitor.cpp][info]     Uniform: true
[Monitor.cpp][info]     BinEdges: {linspace: {nb: 40, low: 0, up: 8}}
[Monitor.cpp][info]   InputFiles:
[Monitor.cpp][info]     mtupleprefix: ""
[Monitor.cpp][info]     mtuplesuffix: ""
[Monitor.cpp][info]     splineprefix: ""
[Monitor.cpp][info]     splinesuffix: ""
[Monitor.cpp][info]   OscChannels:
[Monitor.cpp][info]     - Name: RHC_numu_x_numu
[Monitor.cpp][info]       LatexName: RHC_numu_x_numu
[Monitor.cpp][info]       mtuplefile: [""]
[Monitor.cpp][info]       splinefile: ""
[Monitor.cpp][info]       nutype: 14
[Monitor.cpp][info]       oscnutype: 14
[Monitor.cpp][info]     - Name: RHC_nue_x_nue
[Monitor.cpp][info]       LatexName: RHC_nue_x_nue
[Monitor.cpp][info]       mtuplefile: [""]
[Monitor.cpp][info]       splinefile: ""
[Monitor.cpp][info]       nutype: 12
[Monitor.cpp][info]       oscnutype: 12
[Monitor.cpp][info]     - Name: RHC_numubar_x_numubar
[Monitor.cpp][info]       LatexName: RHC_numubar_x_numubar
[Monitor.cpp][info]       mtuplefile: [""]
[Monitor.cpp][info]       splinefile: ""
[Monitor.cpp][info]       nutype: -14
[Monitor.cpp][info]       oscnutype: -14
[Monitor.cpp][info]     - Name: RHC_nuebar_x_nuebar
[Monitor.cpp][info]       LatexName: RHC_nuebar_x_nuebar
[Monitor.cpp][info]       mtuplefile: [""]
[Monitor.cpp][info]       splinefile: ""
[Monitor.cpp][info]       nutype: -12
[Monitor.cpp][info]       oscnutype: -12
[SampleHandlerBase.cpp][info] -------------------------------------------------------------------
[SampleHandlerBase.cpp][info] Creating SampleHandlerBase object
[Manager.cpp][info] Setting config to be: Configs/Samples/SampleHandler_BeamFDStandardRecord.yaml
[Manager.cpp][info] Config is now: 
[Monitor.cpp][info] SampleHandlerName: BeamFDStandardRecord
[Monitor.cpp][info] MaCh3ModeConfig: Configs/CovObjs/MaCh3Modes.yaml
[Monitor.cpp][info] BinningFile: Configs/Samples/BeamParameterBinning.yaml
[Monitor.cpp][info] InputFiles:
[Monitor.cpp][info]   PrepSplineFile: false
[Monitor.cpp][info]   MCEvents:
[Monitor.cpp][info]     - Tag: numode_nonswap
[Monitor.cpp][info]       FileLocation: Inputs/DUNE_CAF_files/fardet-vd_mc_list-merge_physics_cafmaker_dunevd10kt_1x8x6_3view_30deg_runreco-nuenergy_geov3_root-tuple_merged_skip000000_lim000060_final_20241024T024241.root
[Monitor.cpp][info] NuOsc:
[Monitor.cpp][info]   NuOscConfigFile: Configs/NuOsc/CUDAProb3Linear.yaml
[Monitor.cpp][info]   EqualBinningPerOscChannel: false
[Monitor.cpp][info] Samples: [BeamFD_numode_CCNumuLike]
[Monitor.cpp][info] POT:
[Monitor.cpp][info]   numode_nonswap: 1.36E23
[Monitor.cpp][info] BeamFD_numode_CCNumuLike:
[Monitor.cpp][info]   SampleName: BeamFD_numode_CCNumuLike
[Monitor.cpp][info]   SampleTitle: BeamFD_numode_CCNumuLike
[Monitor.cpp][info]   MCEventsTags: [numode_nonswap]
[Monitor.cpp][info]   SelectionCuts:
[Monitor.cpp][info]     - KinematicStr: RecoSample
[Monitor.cpp][info]       Bounds: [0.5, 1.5]
[Monitor.cpp][info]     - KinematicStr: NuPDG
[Monitor.cpp][info]       Bounds: [13.5, 14.5]
[Monitor.cpp][info]   Binning:
[Monitor.cpp][info]     VarStr: TrueNeutrinoEnergy
[Monitor.cpp][info]     Uniform: true
[Monitor.cpp][info]     BinEdges: {linspace: {nb: 40, low: 0, up: 8}}
[Monitor.cpp][info]   InputFiles:
[Monitor.cpp][info]     mtupleprefix: ""
[Monitor.cpp][info]     mtuplesuffix: ""
[Monitor.cpp][info]     splineprefix: ""
[Monitor.cpp][info]     splinesuffix: ""
[Monitor.cpp][info]   OscChannels:
[Monitor.cpp][info]     - Name: RHC_numu_x_numu
[Monitor.cpp][info]       LatexName: RHC_numu_x_numu
[Monitor.cpp][info]       mtuplefile: [""]
[Monitor.cpp][info]       splinefile: ""
[Monitor.cpp][info]       nutype: 14
[Monitor.cpp][info]       oscnutype: 14
[Monitor.cpp][info]     - Name: RHC_nue_x_nue
[Monitor.cpp][info]       LatexName: RHC_nue_x_nue
[Monitor.cpp][info]       mtuplefile: [""]
[Monitor.cpp][info]       splinefile: ""
[Monitor.cpp][info]       nutype: 12
[Monitor.cpp][info]       oscnutype: 12
[Monitor.cpp][info]     - Name: RHC_numubar_x_numubar
[Monitor.cpp][info]       LatexName: RHC_numubar_x_numubar
[Monitor.cpp][info]       mtuplefile: [""]
[Monitor.cpp][info]       splinefile: ""
[Monitor.cpp][info]       nutype: -14
[Monitor.cpp][info]       oscnutype: -14
[Monitor.cpp][info]     - Name: RHC_nuebar_x_nuebar
[Monitor.cpp][info]       LatexName: RHC_nuebar_x_nuebar
[Monitor.cpp][info]       mtuplefile: [""]
[Monitor.cpp][info]       splinefile: ""
[Monitor.cpp][info]       nutype: -12
[Monitor.cpp][info]       oscnutype: -12
[MaCh3Modes.cpp][info] Printing MaCh3 Modes Called: DUNE Interaction modes
[MaCh3Modes.cpp][info] ========================================================================
[MaCh3Modes.cpp][info] #     |  Name                 |  FancyName            |  SIMB Modes                    
[MaCh3Modes.cpp][info] ------------------------------------------------------------------------
[MaCh3Modes.cpp][info] 0     |  CCQE                 |  CCQE                 |  0                             
[MaCh3Modes.cpp][info] 1     |  CC1Kaon              |  CC1Kaon              |  40                            
[MaCh3Modes.cpp][info] 2     |  CCDIS                |  CCDIS                |  2                             
[MaCh3Modes.cpp][info] 3     |  CCRES                |  CCRES                |  1                             
[MaCh3Modes.cpp][info] 4     |  CCCOH                |  CCCOH                |  3                             
[MaCh3Modes.cpp][info] 5     |  CCDiff               |  CCDiff               |  11                            
[MaCh3Modes.cpp][info] 6     |  CCNuEl               |  CCNuEl               |  5                             
[MaCh3Modes.cpp][info] 7     |  CCIMD                |  CCIMD                |  41                            
[MaCh3Modes.cpp][info] 8     |  CCAnuGam             |  CCAnuGam             |  9                             
[MaCh3Modes.cpp][info] 9     |  CCMEC                |  CCMEC                |  10                            
[MaCh3Modes.cpp][info] 10    |  CCCOHEL              |  CCCOHEL              |  4                             
[MaCh3Modes.cpp][info] 11    |  CCIBD                |  CCIBD                |  7                             
[MaCh3Modes.cpp][info] 12    |  CCGlRES              |  CCGlRES              |  8                             
[MaCh3Modes.cpp][info] 13    |  CCIMDAnn             |  CCIMDAnn             |  6                             
[MaCh3Modes.cpp][info] 14    |  NCQE                 |  NCQE                 |  12                            
[MaCh3Modes.cpp][info] 15    |  NCDIS                |  NCDIS                |  14                            
[MaCh3Modes.cpp][info] 16    |  NCRES                |  NCRES                |  13                            
[MaCh3Modes.cpp][info] 17    |  NCCOH                |  NCCOH                |  15                            
[MaCh3Modes.cpp][info] 18    |  NCDiff               |  NCDiff               |  23                            
[MaCh3Modes.cpp][info] 19    |  NCNuEl               |  NCNuEl               |  17                            
[MaCh3Modes.cpp][info] 20    |  NCIMD                |  NCIMD                |  43                            
[MaCh3Modes.cpp][info] 21    |  NCAnuGam             |  NCAnuGam             |  21                            
[MaCh3Modes.cpp][info] 22    |  NCMEC                |  NCMEC                |  22                            
[MaCh3Modes.cpp][info] 23    |  NCCOHEL              |  NCCOHEL              |  16                            
[MaCh3Modes.cpp][info] 24    |  NCIBD                |  NCIBD                |  19                            
[MaCh3Modes.cpp][info] 25    |  NCGlRES              |  NCGlRES              |  20                            
[MaCh3Modes.cpp][info] 26    |  NCIMDAnn             |  NCIMDAnn             |  18                            
[MaCh3Modes.cpp][info] ========================================================================
[MaCh3Modes.cpp][info] ==========================
[MaCh3Modes.cpp][info] SIMB Modes |  Name                          
[MaCh3Modes.cpp][info] --------------------------
[MaCh3Modes.cpp][info] 0          |  CCQE                          
[MaCh3Modes.cpp][info] 1          |  CCRES                         
[MaCh3Modes.cpp][info] 2          |  CCDIS                         
[MaCh3Modes.cpp][info] 3          |  CCCOH                         
[MaCh3Modes.cpp][info] 4          |  CCCOHEL                       
[MaCh3Modes.cpp][info] 5          |  CCNuEl                        
[MaCh3Modes.cpp][info] 6          |  CCIMDAnn                      
[MaCh3Modes.cpp][info] 7          |  CCIBD                         
[MaCh3Modes.cpp][info] 8          |  CCGlRES                       
[MaCh3Modes.cpp][info] 9          |  CCAnuGam                      
[MaCh3Modes.cpp][info] 10         |  CCMEC                         
[MaCh3Modes.cpp][info] 11         |  CCDiff                        
[MaCh3Modes.cpp][info] 12         |  NCQE                          
[MaCh3Modes.cpp][info] 13         |  NCRES                         
[MaCh3Modes.cpp][info] 14         |  NCDIS                         
[MaCh3Modes.cpp][info] 15         |  NCCOH                         
[MaCh3Modes.cpp][info] 16         |  NCCOHEL                       
[MaCh3Modes.cpp][info] 17         |  NCNuEl                        
[MaCh3Modes.cpp][info] 18         |  NCIMDAnn                      
[MaCh3Modes.cpp][info] 19         |  NCIBD                         
[MaCh3Modes.cpp][info] 20         |  NCGlRES                       
[MaCh3Modes.cpp][info] 21         |  NCAnuGam                      
[MaCh3Modes.cpp][info] 22         |  NCMEC                         
[MaCh3Modes.cpp][info] 23         |  NCDiff                        
[MaCh3Modes.cpp][info] 24         |  UNKNOWN_BAD                   
[MaCh3Modes.cpp][info] 25         |  UNKNOWN_BAD                   
[MaCh3Modes.cpp][info] 26         |  UNKNOWN_BAD                   
[MaCh3Modes.cpp][info] 27         |  UNKNOWN_BAD                   
[MaCh3Modes.cpp][info] 28         |  UNKNOWN_BAD                   
[MaCh3Modes.cpp][info] 29         |  UNKNOWN_BAD                   
[MaCh3Modes.cpp][info] 30         |  UNKNOWN_BAD                   
[MaCh3Modes.cpp][info] 31         |  UNKNOWN_BAD                   
[MaCh3Modes.cpp][info] 32         |  UNKNOWN_BAD                   
[MaCh3Modes.cpp][info] 33         |  UNKNOWN_BAD                   
[MaCh3Modes.cpp][info] 34         |  UNKNOWN_BAD                   
[MaCh3Modes.cpp][info] 35         |  UNKNOWN_BAD                   
[MaCh3Modes.cpp][info] 36         |  UNKNOWN_BAD                   
[MaCh3Modes.cpp][info] 37         |  UNKNOWN_BAD                   
[MaCh3Modes.cpp][info] 38         |  UNKNOWN_BAD                   
[MaCh3Modes.cpp][info] 39         |  UNKNOWN_BAD                   
[MaCh3Modes.cpp][info] 40         |  CC1Kaon                       
[MaCh3Modes.cpp][info] 41         |  CCIMD                         
[MaCh3Modes.cpp][info] 42         |  UNKNOWN_BAD                   
[MaCh3Modes.cpp][info] 43         |  NCIMD                         
[MaCh3Modes.cpp][info] ==========================
[Manager.cpp][warning] Didn't find a TestStatistic specified
[Manager.cpp][warning] Defaulting to using a Poisson likelihood
[BinningHandler.cpp][info] Setting up Sample Binning
[SampleStructs.h][info] 0-Dim Binning: [0.00, 0.20, 0.40, 0.60, 0.80, 1.00, 1.20, 1.40, 1.60, 1.80, 2.00, 2.20, 2.40, 2.60, 2.80, 3.00, 3.20, 3.40, 3.60, 3.80, 4.00, 4.20, 4.40, 4.60, 4.80, 5.00, 5.20, 5.40, 5.60, 5.80, 6.00, 6.20, 6.40, 6.60, 6.80, 7.00, 7.20, 7.40, 7.60, 7.80, 8.00]
[SampleHandlerBase.cpp][info] Adding cut on RecoSample with bounds 0.5 to 1.5
[SampleHandlerBase.cpp][info] Adding cut on NuPDG with bounds 13.5 to 14.5
[SampleHandlerBase.cpp][info]   Nominal mode weights to apply: 
[SampleHandlerBase.cpp][info]     - CCQE: 1
[SampleHandlerBase.cpp][info]     - CC1Kaon: 1
[SampleHandlerBase.cpp][info]     - CCDIS: 1
[SampleHandlerBase.cpp][info]     - CCRES: 1
[SampleHandlerBase.cpp][info]     - CCCOH: 1
[SampleHandlerBase.cpp][info]     - CCDiff: 1
[SampleHandlerBase.cpp][info]     - CCNuEl: 1
[SampleHandlerBase.cpp][info]     - CCIMD: 1
[SampleHandlerBase.cpp][info]     - CCAnuGam: 1
[SampleHandlerBase.cpp][info]     - CCMEC: 1
[SampleHandlerBase.cpp][info]     - CCCOHEL: 1
[SampleHandlerBase.cpp][info]     - CCIBD: 1
[SampleHandlerBase.cpp][info]     - CCGlRES: 1
[SampleHandlerBase.cpp][info]     - CCIMDAnn: 1
[SampleHandlerBase.cpp][info]     - NCQE: 1
[SampleHandlerBase.cpp][info]     - NCDIS: 1
[SampleHandlerBase.cpp][info]     - NCRES: 1
[SampleHandlerBase.cpp][info]     - NCCOH: 1
[SampleHandlerBase.cpp][info]     - NCDiff: 1
[SampleHandlerBase.cpp][info]     - NCNuEl: 1
[SampleHandlerBase.cpp][info]     - NCIMD: 1
[SampleHandlerBase.cpp][info]     - NCAnuGam: 1
[SampleHandlerBase.cpp][info]     - NCMEC: 1
[SampleHandlerBase.cpp][info]     - NCCOHEL: 1
[SampleHandlerBase.cpp][info]     - NCIBD: 1
[SampleHandlerBase.cpp][info]     - NCGlRES: 1
[SampleHandlerBase.cpp][info]     - NCIMDAnn: 1
[SampleHandlerBeamFDStandardRecord.cpp][info] -------------------------------------------------------------------
[SampleHandlerBeamFDStandardRecord.cpp][info] -- Found input event descriptor: Tag: numode_nonswap, FileLocation: Inputs/DUNE_CAF_files/fardet-vd_mc_list-merge_physics_cafmaker_dunevd10kt_1x8x6_3view_30deg_runreco-nuenergy_geov3_root-tuple_merged_skip000000_lim000060_final_20241024T024241.root, DownsampleFraction: 0
[SampleHandlerBeamFDStandardRecord.cpp][info] -- -- Adding file descriptor to Meta TChain: Inputs/DUNE_CAF_files/fardet-vd_mc_list-merge_physics_cafmaker_dunevd10kt_1x8x6_3view_30deg_runreco-nuenergy_geov3_root-tuple_merged_skip000000_lim000060_final_20241024T024241.root
[SampleHandlerBeamFDStandardRecord.cpp][info] -- -- Read 1.38E+24 input POT (with downsample weight of: 1.00)
[SampleHandlerBeamFDStandardRecord.cpp][info] -- Read 1.38E+24 total POT for tag: numode_nonswap, which has analysis POT of 1.36E+23
[SampleHandlerBeamFDStandardRecord.cpp][info] -- -- Adding file descriptor to cafTree TChain: Inputs/DUNE_CAF_files/fardet-vd_mc_list-merge_physics_cafmaker_dunevd10kt_1x8x6_3view_30deg_runreco-nuenergy_geov3_root-tuple_merged_skip000000_lim000060_final_20241024T024241.root
[SampleHandlerBeamFDStandardRecord.cpp][info] -- -- Read: 398684/600000 events (with downsample fraction of: 0.00)
  Couldn't find parameter directory: FluxParameters/HadronProduction/pca_21 assuming we have 20 parameters.
[SampleHandlerBase.cpp][info] =============================================
[SampleHandlerBase.cpp][info] Total number of events is: 282798
[SampleHandlerBase.cpp][info] Setting up NuOscillator..
[OscillationHandler.cpp][info] Setting up NuOscillator::Oscillator object in OscillationChannel: 0/4
[OscillationHandler.cpp][info] [NuOscillator] OscillatorFactory creating OscillatorBase object from config: Configs/NuOsc/CUDAProb3Linear.yaml
[OscillationHandler.cpp][info] Setting up NuOscillator::Oscillator object in OscillationChannel: 1/4
[OscillationHandler.cpp][info] [NuOscillator] OscillatorFactory creating OscillatorBase object from config: Configs/NuOsc/CUDAProb3Linear.yaml
[OscillationHandler.cpp][info] Setting up NuOscillator::Oscillator object in OscillationChannel: 2/4
[OscillationHandler.cpp][info] [NuOscillator] OscillatorFactory creating OscillatorBase object from config: Configs/NuOsc/CUDAProb3Linear.yaml
[OscillationHandler.cpp][info] Setting up NuOscillator::Oscillator object in OscillationChannel: 3/4
[OscillationHandler.cpp][info] [NuOscillator] OscillatorFactory creating OscillatorBase object from config: Configs/NuOsc/CUDAProb3Linear.yaml
[SampleHandlerBase.cpp][info] Setting up Sample Binning..
[SampleHandlerBase.cpp][info] Setting up Splines..
[SampleHandlerBeamFDStandardRecord.cpp][info] Found 0 splines for this sample so I will not load or evaluate splines
[SampleHandlerBase.cpp][info] Setting up Normalisation Pointers..
[SampleHandlerBase.cpp][info] Setting up Functional Pointers..
[SampleHandlerBase.txx][info] Functional shift consuming parameters: [ TargetUpstreamDegredation TargetTiltTransverseY TargetTiltTransverseX TargetLength TargetDisplaceTransverseY TargetDisplaceTransverseX TargetDensity ProtonBeamTransverseY ProtonBeamTransverseX ProtonBeamRadius ProtonBeamAngleY ProtonBeamAngleX HornWaterLayerThickness HornCurrent HornCTiltTransverseY HornCTiltTransverseX HornCEllipticityXInducedBField HornCEccentricityXInducedBField HornCDisplaceLongitudinalZ HornBTiltTransverseY HornBTiltTransverseX HornBEllipticityXInducedBField HornBDisplaceLongitudinalZ HornATiltTransverseY HornATiltTransverseX HornAEllipticityXInducedBField HornAEccentricityXInducedBField HornADisplaceLongitudinalZ DecayPipeTiltY DecayPipeTiltX DecayPipeRadius DecayPipeLength DecayPipeGeoBField DecayPipeEllipticalCrossSectionYB DecayPipeEllipticalCrossSectionXA DecayPipeDisplaceTransverseY DecayPipeDisplaceTransverseX DecayPipe3SegmentBowingY DecayPipe3SegmentBowingX HornCDisplaceTransverseY HornBDisplaceTransverseY HornADisplaceTransverseY HornCDisplaceTransverseX HornBDisplaceTransverseX HornADisplaceTransverseX ], found no matching parameters for sample handler: BeamFDStandardRecord
[SampleHandlerBase.txx][info] Functional shift consuming parameters: [ Flux_HadProd_Param_0 Flux_HadProd_Param_1 Flux_HadProd_Param_2 Flux_HadProd_Param_3 Flux_HadProd_Param_4 Flux_HadProd_Param_5 Flux_HadProd_Param_6 Flux_HadProd_Param_7 Flux_HadProd_Param_8 Flux_HadProd_Param_9 Flux_HadProd_Param_10 Flux_HadProd_Param_11 Flux_HadProd_Param_12 Flux_HadProd_Param_13 Flux_HadProd_Param_14 Flux_HadProd_Param_15 Flux_HadProd_Param_16 Flux_HadProd_Param_17 Flux_HadProd_Param_18 Flux_HadProd_Param_19 Flux_HadProd_Param_20 ], found no matching parameters for sample handler: BeamFDStandardRecord
[SampleHandlerBase.cpp][info] Setting up Additional Weight Pointers..
[SampleHandlerBase.cpp][info] Setting up Kinematic Map..
[SampleHandlerBase.cpp][info] Finished loading MC for BeamFDStandardRecord, it took 29.12s to finish
[SampleHandlerBase.cpp][info] Initialising Data
[SampleHandlerBase.cpp][info] =======================================================
[SampleHandlerBase.cpp][warning] Found in total 1 (2.50%) empty bins for SampleHandler: BeamFDStandardRecord
Here 4Here 5Here 6Here 7Here 8[SampleHandlerBase.cpp][info] Adding 1D data histogram: BeamFD_numode_CCNumuLike with 5831.68 events
[Fit.cpp][info] Integrals of nominal hists: 
[Fit.cpp][info] BeamFD_numode_CCNumuLike : 5831.680226117011
[Fit.cpp][info] --------------
Here 9Here 10Here 11Here 12[FitterBase.cpp][info] Adding systematic object xsec_cov, with 112 params
Here 13Here 14Enter FunctionAfter collision checkStart Additional InfoBefore SampleBeamFDStandardRecord[FitterBase.cpp][info] Adding BeamFDStandardRecord object, with 1 samples
After Sample Info[FitterBase.cpp][info] After Sample Info
After Sample[FitterBase.cpp][info] After Sample Info
[FitterBase.cpp][info] After change to output file
Here 15[Fit.cpp][info] Before MCMC Start
[MCMCBase.cpp][info] Multicanonical Method: false
[FitterBase.cpp][warning] [0;31mCurrent Total RAM usage is 0.61 GB[0m
[FitterBase.cpp][warning] [0;31mOut of Total available RAM 250.85 GB[0m
[FitterBase.cpp][info] #####Current Setup#####
[FitterBase.cpp][info] Number of covariances: 1
[FitterBase.cpp][info] 0: Cov name: xsec_cov, it has 112 params
[FitterBase.cpp][info] Number of SampleHandlers: 1
[FitterBase.cpp][info] 0: SampleHandler name: BeamFDStandardRecord, it has 1 samples
[FitterBase.cpp][info]    0: Sample title: BeamFD_numode_CCNumuLike, with 4 osc channels
[FitterBase.cpp][info] -------------------- Starting MCMC --------------------
[SampleHandlerBase.cpp][info] Printing for BeamFDStandardRecord
[SampleHandlerBase.cpp][info] ---------------------------------------------------------------------------------
[SampleHandlerBase.cpp][info] Sample                                  Data           MC             -LLH      |
[SampleHandlerBase.cpp][info] BeamFD_numode_CCNumuLike                5831.68        5831.68        0.00      |
[SampleHandlerBase.cpp][info] Total                                   5831.68        5831.68        0.00      |
[SampleHandlerBase.cpp][info] ---------------------------------------------------------------------------------
[ParameterHandlerBase.cpp][info] Printing parameters for xsec_cov
[ParameterHandlerBase.cpp][info] Name                           Prior      Current    Proposed  
[ParameterHandlerBase.cpp][info] sin2th_12                      0.31       0.32       0.32      
[ParameterHandlerBase.cpp][info] sin2th_23                      0.55       0.52       0.50      
[ParameterHandlerBase.cpp][info] sin2th_13                      0.02       0.02       0.02      
[ParameterHandlerBase.cpp][info] delm2_12                       0.00       0.00       0.00      
[ParameterHandlerBase.cpp][info] delm2_23                       0.00       0.00       -0.00     
[ParameterHandlerBase.cpp][info] delta_cp                       -1.60      -10.27     2.30      
[ParameterHandlerBase.cpp][info] baseline                       1284.90    1284.89    1284.89   
[ParameterHandlerBase.cpp][info] density                        2.60       2.61       2.61      
[ParameterHandlerBase.cpp][info] b_104                          1.00       0.93       0.93      
[ParameterHandlerBase.cpp][info] b_105                          1.00       0.91       0.91      
[ParameterHandlerBase.cpp][info] b_106                          1.00       0.91       0.91      
[ParameterHandlerBase.cpp][info] b_107                          1.00       0.92       0.92      
[ParameterHandlerBase.cpp][info] b_108                          1.00       0.92       0.92      
[ParameterHandlerBase.cpp][info] b_109                          1.00       0.93       0.93      
[ParameterHandlerBase.cpp][info] b_110                          1.00       0.95       0.95      
[ParameterHandlerBase.cpp][info] b_111                          1.00       0.98       0.98      
[ParameterHandlerBase.cpp][info] b_112                          1.00       0.99       0.99      
[ParameterHandlerBase.cpp][info] b_113                          1.00       1.00       1.00      
[ParameterHandlerBase.cpp][info] b_114                          1.00       0.98       0.98      
[ParameterHandlerBase.cpp][info] b_115                          1.00       0.98       0.98      
[ParameterHandlerBase.cpp][info] b_116                          1.00       0.95       0.95      
[ParameterHandlerBase.cpp][info] b_117                          1.00       0.92       0.92      
[ParameterHandlerBase.cpp][info] b_118                          1.00       0.88       0.88      
[ParameterHandlerBase.cpp][info] b_119                          1.00       0.84       0.84      
[ParameterHandlerBase.cpp][info] b_120                          1.00       0.87       0.87      
[ParameterHandlerBase.cpp][info] b_121                          1.00       0.84       0.84      
[ParameterHandlerBase.cpp][info] b_122                          1.00       0.91       0.91      
[ParameterHandlerBase.cpp][info] b_123                          1.00       0.92       0.92      
[ParameterHandlerBase.cpp][info] b_124                          1.00       0.91       0.91      
[ParameterHandlerBase.cpp][info] b_125                          1.00       0.90       0.90      
[ParameterHandlerBase.cpp][info] b_126                          1.00       0.92       0.92      
[ParameterHandlerBase.cpp][info] b_127                          1.00       0.93       0.93      
[ParameterHandlerBase.cpp][info] b_128                          1.00       0.94       0.94      
[ParameterHandlerBase.cpp][info] b_129                          1.00       0.95       0.95      
[ParameterHandlerBase.cpp][info] b_130                          1.00       0.96       0.96      
[ParameterHandlerBase.cpp][info] b_131                          1.00       0.95       0.95      
[ParameterHandlerBase.cpp][info] b_132                          1.00       0.96       0.96      
[ParameterHandlerBase.cpp][info] b_133                          1.00       0.97       0.97      
[ParameterHandlerBase.cpp][info] b_134                          1.00       0.98       0.98      
[ParameterHandlerBase.cpp][info] b_135                          1.00       0.95       0.95      
[ParameterHandlerBase.cpp][info] b_136                          1.00       0.93       0.93      
[ParameterHandlerBase.cpp][info] b_137                          1.00       0.98       0.98      
[ParameterHandlerBase.cpp][info] b_138                          1.00       1.13       1.13      
[ParameterHandlerBase.cpp][info] b_139                          1.00       1.03       1.03      
[ParameterHandlerBase.cpp][info] b_140                          1.00       1.02       1.02      
[ParameterHandlerBase.cpp][info] b_141                          1.00       0.28       0.28      
[ParameterHandlerBase.cpp][info] b_142                          1.00       0.91       0.91      
[ParameterHandlerBase.cpp][info] b_143                          1.00       0.89       0.89      
[ParameterHandlerBase.cpp][info] b_144                          1.00       0.87       0.87      
[ParameterHandlerBase.cpp][info] b_145                          1.00       0.87       0.87      
[ParameterHandlerBase.cpp][info] b_146                          1.00       0.84       0.84      
[ParameterHandlerBase.cpp][info] b_147                          1.00       0.84       0.84      
[ParameterHandlerBase.cpp][info] b_148                          1.00       0.92       0.92      
[ParameterHandlerBase.cpp][info] b_149                          1.00       0.87       0.87      
[ParameterHandlerBase.cpp][info] b_150                          1.00       0.87       0.87      
[ParameterHandlerBase.cpp][info] b_151                          1.00       0.90       0.90      
[ParameterHandlerBase.cpp][info] b_152                          1.00       0.93       0.93      
[ParameterHandlerBase.cpp][info] b_153                          1.00       0.94       0.94      
[ParameterHandlerBase.cpp][info] b_154                          1.00       0.92       0.92      
[ParameterHandlerBase.cpp][info] b_155                          1.00       0.68       0.68      
[ParameterHandlerBase.cpp][info] b_156                          1.00       0.86       0.86      
[ParameterHandlerBase.cpp][info] b_157                          1.00       0.85       0.85      
[ParameterHandlerBase.cpp][info] b_158                          1.00       0.88       0.88      
[ParameterHandlerBase.cpp][info] b_159                          1.00       0.89       0.89      
[ParameterHandlerBase.cpp][info] b_160                          1.00       0.90       0.90      
[ParameterHandlerBase.cpp][info] b_161                          1.00       0.92       0.92      
[ParameterHandlerBase.cpp][info] b_162                          1.00       0.92       0.92      
[ParameterHandlerBase.cpp][info] b_163                          1.00       0.93       0.93      
[ParameterHandlerBase.cpp][info] b_164                          1.00       0.92       0.92      
[ParameterHandlerBase.cpp][info] b_165                          1.00       0.91       0.91      
[ParameterHandlerBase.cpp][info] b_166                          1.00       0.89       0.89      
[ParameterHandlerBase.cpp][info] b_167                          1.00       0.87       0.87      
[ParameterHandlerBase.cpp][info] b_168                          1.00       0.89       0.89      
[ParameterHandlerBase.cpp][info] b_169                          1.00       0.87       0.87      
[ParameterHandlerBase.cpp][info] b_170                          1.00       0.85       0.85      
[ParameterHandlerBase.cpp][info] b_171                          1.00       0.75       0.75      
[ParameterHandlerBase.cpp][info] b_172                          1.00       0.78       0.78      
[ParameterHandlerBase.cpp][info] b_173                          1.00       0.88       0.88      
[ParameterHandlerBase.cpp][info] b_174                          1.00       0.86       0.86      
[ParameterHandlerBase.cpp][info] b_175                          1.00       0.98       0.98      
[ParameterHandlerBase.cpp][info] b_176                          1.00       0.97       0.97      
[ParameterHandlerBase.cpp][info] b_177                          1.00       0.97       0.97      
[ParameterHandlerBase.cpp][info] b_178                          1.00       0.97       0.97      
[ParameterHandlerBase.cpp][info] b_179                          1.00       0.96       0.96      
[ParameterHandlerBase.cpp][info] b_180                          1.00       0.96       0.96      
[ParameterHandlerBase.cpp][info] b_181                          1.00       0.99       0.99      
[ParameterHandlerBase.cpp][info] b_182                          1.00       1.02       1.02      
[ParameterHandlerBase.cpp][info] b_183                          1.00       1.03       1.03      
[ParameterHandlerBase.cpp][info] b_184                          1.00       1.03       1.03      
[ParameterHandlerBase.cpp][info] b_185                          1.00       1.04       1.04      
[ParameterHandlerBase.cpp][info] b_186                          1.00       1.03       1.03      
[ParameterHandlerBase.cpp][info] b_187                          1.00       1.04       1.04      
[ParameterHandlerBase.cpp][info] b_188                          1.00       1.03       1.03      
[ParameterHandlerBase.cpp][info] b_189                          1.00       0.99       0.99      
[ParameterHandlerBase.cpp][info] b_190                          1.00       1.02       1.02      
[ParameterHandlerBase.cpp][info] b_191                          1.00       1.16       1.16      
[ParameterHandlerBase.cpp][info] b_192                          1.00       1.11       1.11      
[ParameterHandlerBase.cpp][info] b_193                          1.00       0.48       0.48      
[ParameterHandlerBase.cpp][info] b_194                          1.00       0.83       0.83      
[ParameterHandlerBase.cpp][info] b_195                          1.00       0.81       0.81      
[ParameterHandlerBase.cpp][info] b_196                          1.00       0.83       0.83      
[ParameterHandlerBase.cpp][info] b_197                          1.00       0.82       0.82      
[ParameterHandlerBase.cpp][info] b_198                          1.00       0.85       0.85      
[ParameterHandlerBase.cpp][info] b_199                          1.00       0.84       0.84      
[ParameterHandlerBase.cpp][info] b_200                          1.00       0.87       0.87      
[ParameterHandlerBase.cpp][info] b_201                          1.00       0.94       0.94      
[ParameterHandlerBase.cpp][info] b_202                          1.00       0.97       0.97      
[ParameterHandlerBase.cpp][info] b_203                          1.00       0.96       0.96      
[ParameterHandlerBase.cpp][info] b_204                          1.00       1.04       1.04      
[ParameterHandlerBase.cpp][info] b_205                          1.00       0.99       0.99      
[ParameterHandlerBase.cpp][info] b_206                          1.00       0.99       0.99      
[ParameterHandlerBase.cpp][info] b_207                          1.00       0.96       0.96      
[MCMCBase.cpp][info] Step:	0/50000, current: 239.69, proposed: 239.69
[MCMCBase.cpp][info] Accepted/Total steps: 0/0 = -nan
[SampleHandlerBase.cpp][info] Printing for BeamFDStandardRecord
[SampleHandlerBase.cpp][info] ---------------------------------------------------------------------------------
[SampleHandlerBase.cpp][info] Sample                                  Data           MC             -LLH      |
[SampleHandlerBase.cpp][info] BeamFD_numode_CCNumuLike                5831.68        5224.61        68.78     |
[SampleHandlerBase.cpp][info] Total                                   5831.68        5224.61        68.78     |
[SampleHandlerBase.cpp][info] ---------------------------------------------------------------------------------
[ParameterHandlerBase.cpp][info] Printing parameters for xsec_cov
[ParameterHandlerBase.cpp][info] Name                           Prior      Current    Proposed  
[ParameterHandlerBase.cpp][info] sin2th_12                      0.31       0.32       0.32      
[ParameterHandlerBase.cpp][info] sin2th_23                      0.55       0.52       0.52      
[ParameterHandlerBase.cpp][info] sin2th_13                      0.02       0.02       0.02      
[ParameterHandlerBase.cpp][info] delm2_12                       0.00       0.00       0.00      
[ParameterHandlerBase.cpp][info] delm2_23                       0.00       0.00       -0.00     
[ParameterHandlerBase.cpp][info] delta_cp                       -1.60      -10.27     2.23      
[ParameterHandlerBase.cpp][info] baseline                       1284.90    1284.89    1284.89   
[ParameterHandlerBase.cpp][info] density                        2.60       2.61       2.61      
[ParameterHandlerBase.cpp][info] b_104                          1.00       0.93       0.93      
[ParameterHandlerBase.cpp][info] b_105                          1.00       0.91       0.91      
[ParameterHandlerBase.cpp][info] b_106                          1.00       0.91       0.91      
[ParameterHandlerBase.cpp][info] b_107                          1.00       0.92       0.91      
[ParameterHandlerBase.cpp][info] b_108                          1.00       0.92       0.91      
[ParameterHandlerBase.cpp][info] b_109                          1.00       0.93       0.92      
[ParameterHandlerBase.cpp][info] b_110                          1.00       0.95       0.95      
[ParameterHandlerBase.cpp][info] b_111                          1.00       0.98       0.98      
[ParameterHandlerBase.cpp][info] b_112                          1.00       0.99       0.99      
[ParameterHandlerBase.cpp][info] b_113                          1.00       1.00       0.99      
[ParameterHandlerBase.cpp][info] b_114                          1.00       0.98       0.98      
[ParameterHandlerBase.cpp][info] b_115                          1.00       0.98       0.98      
[ParameterHandlerBase.cpp][info] b_116                          1.00       0.95       0.95      
[ParameterHandlerBase.cpp][info] b_117                          1.00       0.92       0.92      
[ParameterHandlerBase.cpp][info] b_118                          1.00       0.88       0.88      
[ParameterHandlerBase.cpp][info] b_119                          1.00       0.84       0.84      
[ParameterHandlerBase.cpp][info] b_120                          1.00       0.87       0.87      
[ParameterHandlerBase.cpp][info] b_121                          1.00       0.84       0.84      
[ParameterHandlerBase.cpp][info] b_122                          1.00       0.91       0.92      
[ParameterHandlerBase.cpp][info] b_123                          1.00       0.92       0.92      
[ParameterHandlerBase.cpp][info] b_124                          1.00       0.91       0.91      
[ParameterHandlerBase.cpp][info] b_125                          1.00       0.90       0.90      
[ParameterHandlerBase.cpp][info] b_126                          1.00       0.92       0.92      
[ParameterHandlerBase.cpp][info] b_127                          1.00       0.93       0.93      
[ParameterHandlerBase.cpp][info] b_128                          1.00       0.94       0.94      
[ParameterHandlerBase.cpp][info] b_129                          1.00       0.95       0.95      
[ParameterHandlerBase.cpp][info] b_130                          1.00       0.96       0.96      
[ParameterHandlerBase.cpp][info] b_131                          1.00       0.95       0.95      
[ParameterHandlerBase.cpp][info] b_132                          1.00       0.96       0.96      
[ParameterHandlerBase.cpp][info] b_133                          1.00       0.97       0.96      
[ParameterHandlerBase.cpp][info] b_134                          1.00       0.98       0.98      
[ParameterHandlerBase.cpp][info] b_135                          1.00       0.95       0.94      
[ParameterHandlerBase.cpp][info] b_136                          1.00       0.93       0.93      
[ParameterHandlerBase.cpp][info] b_137                          1.00       0.98       0.98      
[ParameterHandlerBase.cpp][info] b_138                          1.00       1.13       1.12      
[ParameterHandlerBase.cpp][info] b_139                          1.00       1.03       1.02      
[ParameterHandlerBase.cpp][info] b_140                          1.00       1.02       1.02      
[ParameterHandlerBase.cpp][info] b_141                          1.00       0.28       0.28      
[ParameterHandlerBase.cpp][info] b_142                          1.00       0.91       0.90      
[ParameterHandlerBase.cpp][info] b_143                          1.00       0.89       0.89      
[ParameterHandlerBase.cpp][info] b_144                          1.00       0.87       0.86      
[ParameterHandlerBase.cpp][info] b_145                          1.00       0.87       0.86      
[ParameterHandlerBase.cpp][info] b_146                          1.00       0.84       0.84      
[ParameterHandlerBase.cpp][info] b_147                          1.00       0.84       0.84      
[ParameterHandlerBase.cpp][info] b_148                          1.00       0.92       0.92      
[ParameterHandlerBase.cpp][info] b_149                          1.00       0.87       0.87      
[ParameterHandlerBase.cpp][info] b_150                          1.00       0.87       0.86      
[ParameterHandlerBase.cpp][info] b_151                          1.00       0.90       0.90      
[ParameterHandlerBase.cpp][info] b_152                          1.00       0.93       0.92      
[ParameterHandlerBase.cpp][info] b_153                          1.00       0.94       0.93      
[ParameterHandlerBase.cpp][info] b_154                          1.00       0.92       0.91      
[ParameterHandlerBase.cpp][info] b_155                          1.00       0.68       0.67      
[ParameterHandlerBase.cpp][info] b_156                          1.00       0.86       0.86      
[ParameterHandlerBase.cpp][info] b_157                          1.00       0.85       0.85      
[ParameterHandlerBase.cpp][info] b_158                          1.00       0.88       0.87      
[ParameterHandlerBase.cpp][info] b_159                          1.00       0.89       0.89      
[ParameterHandlerBase.cpp][info] b_160                          1.00       0.90       0.90      
[ParameterHandlerBase.cpp][info] b_161                          1.00       0.92       0.91      
[ParameterHandlerBase.cpp][info] b_162                          1.00       0.92       0.91      
[ParameterHandlerBase.cpp][info] b_163                          1.00       0.93       0.92      
[ParameterHandlerBase.cpp][info] b_164                          1.00       0.92       0.91      
[ParameterHandlerBase.cpp][info] b_165                          1.00       0.91       0.90      
[ParameterHandlerBase.cpp][info] b_166                          1.00       0.89       0.89      
[ParameterHandlerBase.cpp][info] b_167                          1.00       0.87       0.87      
[ParameterHandlerBase.cpp][info] b_168                          1.00       0.89       0.88      
[ParameterHandlerBase.cpp][info] b_169                          1.00       0.87       0.87      
[ParameterHandlerBase.cpp][info] b_170                          1.00       0.85       0.85      
[ParameterHandlerBase.cpp][info] b_171                          1.00       0.75       0.75      
[ParameterHandlerBase.cpp][info] b_172                          1.00       0.78       0.79      
[ParameterHandlerBase.cpp][info] b_173                          1.00       0.88       0.88      
[ParameterHandlerBase.cpp][info] b_174                          1.00       0.86       0.86      
[ParameterHandlerBase.cpp][info] b_175                          1.00       0.98       0.98      
[ParameterHandlerBase.cpp][info] b_176                          1.00       0.97       0.97      
[ParameterHandlerBase.cpp][info] b_177                          1.00       0.97       0.96      
[ParameterHandlerBase.cpp][info] b_178                          1.00       0.97       0.97      
[ParameterHandlerBase.cpp][info] b_179                          1.00       0.96       0.96      
[ParameterHandlerBase.cpp][info] b_180                          1.00       0.96       0.96      
[ParameterHandlerBase.cpp][info] b_181                          1.00       0.99       0.99      
[ParameterHandlerBase.cpp][info] b_182                          1.00       1.02       1.01      
[ParameterHandlerBase.cpp][info] b_183                          1.00       1.03       1.03      
[ParameterHandlerBase.cpp][info] b_184                          1.00       1.03       1.03      
[ParameterHandlerBase.cpp][info] b_185                          1.00       1.04       1.04      
[ParameterHandlerBase.cpp][info] b_186                          1.00       1.03       1.03      
[ParameterHandlerBase.cpp][info] b_187                          1.00       1.04       1.04      
[ParameterHandlerBase.cpp][info] b_188                          1.00       1.03       1.03      
[ParameterHandlerBase.cpp][info] b_189                          1.00       0.99       0.98      
[ParameterHandlerBase.cpp][info] b_190                          1.00       1.02       1.02      
[ParameterHandlerBase.cpp][info] b_191                          1.00       1.16       1.15      
[ParameterHandlerBase.cpp][info] b_192                          1.00       1.11       1.10      
[ParameterHandlerBase.cpp][info] b_193                          1.00       0.48       0.47      
[ParameterHandlerBase.cpp][info] b_194                          1.00       0.83       0.83      
[ParameterHandlerBase.cpp][info] b_195                          1.00       0.81       0.81      
[ParameterHandlerBase.cpp][info] b_196                          1.00       0.83       0.83      
[ParameterHandlerBase.cpp][info] b_197                          1.00       0.82       0.82      
[ParameterHandlerBase.cpp][info] b_198                          1.00       0.85       0.84      
[ParameterHandlerBase.cpp][info] b_199                          1.00       0.84       0.84      
[ParameterHandlerBase.cpp][info] b_200                          1.00       0.87       0.87      
[ParameterHandlerBase.cpp][info] b_201                          1.00       0.94       0.94      
[ParameterHandlerBase.cpp][info] b_202                          1.00       0.97       0.97      
[ParameterHandlerBase.cpp][info] b_203                          1.00       0.96       0.96      
[ParameterHandlerBase.cpp][info] b_204                          1.00       1.04       1.04      
[ParameterHandlerBase.cpp][info] b_205                          1.00       0.99       0.99      
[ParameterHandlerBase.cpp][info] b_206                          1.00       0.99       0.99      
[ParameterHandlerBase.cpp][info] b_207                          1.00       0.96       0.96      
[MCMCBase.cpp][info] Step:	5000/50000, current: 116.60, proposed: 140.74
[MCMCBase.cpp][info] Accepted/Total steps: 1166/5000 = 0.23
[SampleHandlerBase.cpp][info] Printing for BeamFDStandardRecord
[SampleHandlerBase.cpp][info] ---------------------------------------------------------------------------------
[SampleHandlerBase.cpp][info] Sample                                  Data           MC             -LLH      |
[SampleHandlerBase.cpp][info] BeamFD_numode_CCNumuLike                5831.68        5578.88        26.18     |
[SampleHandlerBase.cpp][info] Total                                   5831.68        5578.88        26.18     |
[SampleHandlerBase.cpp][info] ---------------------------------------------------------------------------------
[ParameterHandlerBase.cpp][info] Printing parameters for xsec_cov
[ParameterHandlerBase.cpp][info] Name                           Prior      Current    Proposed  
[ParameterHandlerBase.cpp][info] sin2th_12                      0.31       0.29       0.29      
[ParameterHandlerBase.cpp][info] sin2th_23                      0.55       0.57       0.45      
[ParameterHandlerBase.cpp][info] sin2th_13                      0.02       0.01       0.01      
[ParameterHandlerBase.cpp][info] delm2_12                       0.00       0.00       0.00      
[ParameterHandlerBase.cpp][info] delm2_23                       0.00       -0.00      0.00      
[ParameterHandlerBase.cpp][info] delta_cp                       -1.60      0.98       1.43      
[ParameterHandlerBase.cpp][info] baseline                       1284.90    1284.92    1284.92   
[ParameterHandlerBase.cpp][info] density                        2.60       2.64       2.64      
[ParameterHandlerBase.cpp][info] b_104                          1.00       0.97       0.97      
[ParameterHandlerBase.cpp][info] b_105                          1.00       0.97       0.97      
[ParameterHandlerBase.cpp][info] b_106                          1.00       0.97       0.97      
[ParameterHandlerBase.cpp][info] b_107                          1.00       0.98       0.98      
[ParameterHandlerBase.cpp][info] b_108                          1.00       0.99       0.98      
[ParameterHandlerBase.cpp][info] b_109                          1.00       0.99       0.99      
[ParameterHandlerBase.cpp][info] b_110                          1.00       1.00       0.99      
[ParameterHandlerBase.cpp][info] b_111                          1.00       0.99       0.99      
[ParameterHandlerBase.cpp][info] b_112                          1.00       0.97       0.97      
[ParameterHandlerBase.cpp][info] b_113                          1.00       0.96       0.96      
[ParameterHandlerBase.cpp][info] b_114                          1.00       0.93       0.93      
[ParameterHandlerBase.cpp][info] b_115                          1.00       0.93       0.93      
[ParameterHandlerBase.cpp][info] b_116                          1.00       0.97       0.96      
[ParameterHandlerBase.cpp][info] b_117                          1.00       0.96       0.96      
[ParameterHandlerBase.cpp][info] b_118                          1.00       0.94       0.94      
[ParameterHandlerBase.cpp][info] b_119                          1.00       0.87       0.87      
[ParameterHandlerBase.cpp][info] b_120                          1.00       0.84       0.84      
[ParameterHandlerBase.cpp][info] b_121                          1.00       0.94       0.93      
[ParameterHandlerBase.cpp][info] b_122                          1.00       1.20       1.19      
[ParameterHandlerBase.cpp][info] b_123                          1.00       0.97       0.96      
[ParameterHandlerBase.cpp][info] b_124                          1.00       0.96       0.96      
[ParameterHandlerBase.cpp][info] b_125                          1.00       0.94       0.93      
[ParameterHandlerBase.cpp][info] b_126                          1.00       0.94       0.94      
[ParameterHandlerBase.cpp][info] b_127                          1.00       0.95       0.95      
[ParameterHandlerBase.cpp][info] b_128                          1.00       0.96       0.96      
[ParameterHandlerBase.cpp][info] b_129                          1.00       0.97       0.97      
[ParameterHandlerBase.cpp][info] b_130                          1.00       0.98       0.98      
[ParameterHandlerBase.cpp][info] b_131                          1.00       0.99       0.98      
[ParameterHandlerBase.cpp][info] b_132                          1.00       1.01       1.01      
[ParameterHandlerBase.cpp][info] b_133                          1.00       1.00       1.00      
[ParameterHandlerBase.cpp][info] b_134                          1.00       1.00       1.00      
[ParameterHandlerBase.cpp][info] b_135                          1.00       1.01       1.01      
[ParameterHandlerBase.cpp][info] b_136                          1.00       0.99       0.99      
[ParameterHandlerBase.cpp][info] b_137                          1.00       0.99       0.99      
[ParameterHandlerBase.cpp][info] b_138                          1.00       1.07       1.06      
[ParameterHandlerBase.cpp][info] b_139                          1.00       1.26       1.26      
[ParameterHandlerBase.cpp][info] b_140                          1.00       1.17       1.17      
[ParameterHandlerBase.cpp][info] b_141                          1.00       1.10       1.12      
[ParameterHandlerBase.cpp][info] b_142                          1.00       0.96       0.96      
[ParameterHandlerBase.cpp][info] b_143                          1.00       0.96       0.96      
[ParameterHandlerBase.cpp][info] b_144                          1.00       0.93       0.93      
[ParameterHandlerBase.cpp][info] b_145                          1.00       0.92       0.91      
[ParameterHandlerBase.cpp][info] b_146                          1.00       0.92       0.92      
[ParameterHandlerBase.cpp][info] b_147                          1.00       0.94       0.94      
[ParameterHandlerBase.cpp][info] b_148                          1.00       1.08       1.08      
[ParameterHandlerBase.cpp][info] b_149                          1.00       0.92       0.92      
[ParameterHandlerBase.cpp][info] b_150                          1.00       0.93       0.92      
[ParameterHandlerBase.cpp][info] b_151                          1.00       0.95       0.95      
[ParameterHandlerBase.cpp][info] b_152                          1.00       0.98       0.98      
[ParameterHandlerBase.cpp][info] b_153                          1.00       1.01       1.01      
[ParameterHandlerBase.cpp][info] b_154                          1.00       1.04       1.04      
[ParameterHandlerBase.cpp][info] b_155                          1.00       1.09       1.09      
[ParameterHandlerBase.cpp][info] b_156                          1.00       0.95       0.95      
[ParameterHandlerBase.cpp][info] b_157                          1.00       0.95       0.95      
[ParameterHandlerBase.cpp][info] b_158                          1.00       0.95       0.95      
[ParameterHandlerBase.cpp][info] b_159                          1.00       0.96       0.96      
[ParameterHandlerBase.cpp][info] b_160                          1.00       0.97       0.97      
[ParameterHandlerBase.cpp][info] b_161                          1.00       0.98       0.98      
[ParameterHandlerBase.cpp][info] b_162                          1.00       0.99       0.98      
[ParameterHandlerBase.cpp][info] b_163                          1.00       0.98       0.98      
[ParameterHandlerBase.cpp][info] b_164                          1.00       0.99       0.99      
[ParameterHandlerBase.cpp][info] b_165                          1.00       0.97       0.97      
[ParameterHandlerBase.cpp][info] b_166                          1.00       0.97       0.97      
[ParameterHandlerBase.cpp][info] b_167                          1.00       0.96       0.96      
[ParameterHandlerBase.cpp][info] b_168                          1.00       0.95       0.95      
[ParameterHandlerBase.cpp][info] b_169                          1.00       0.95       0.95      
[ParameterHandlerBase.cpp][info] b_170                          1.00       0.93       0.93      
[ParameterHandlerBase.cpp][info] b_171                          1.00       0.82       0.82      
[ParameterHandlerBase.cpp][info] b_172                          1.00       0.82       0.81      
[ParameterHandlerBase.cpp][info] b_173                          1.00       0.98       0.98      
[ParameterHandlerBase.cpp][info] b_174                          1.00       1.24       1.24      
[ParameterHandlerBase.cpp][info] b_175                          1.00       0.99       0.98      
[ParameterHandlerBase.cpp][info] b_176                          1.00       0.97       0.97      
[ParameterHandlerBase.cpp][info] b_177                          1.00       0.97       0.97      
[ParameterHandlerBase.cpp][info] b_178                          1.00       0.98       0.98      
[ParameterHandlerBase.cpp][info] b_179                          1.00       0.98       0.98      
[ParameterHandlerBase.cpp][info] b_180                          1.00       0.99       0.98      
[ParameterHandlerBase.cpp][info] b_181                          1.00       0.98       0.98      
[ParameterHandlerBase.cpp][info] b_182                          1.00       0.99       0.98      
[ParameterHandlerBase.cpp][info] b_183                          1.00       0.97       0.97      
[ParameterHandlerBase.cpp][info] b_184                          1.00       0.96       0.96      
[ParameterHandlerBase.cpp][info] b_185                          1.00       0.94       0.94      
[ParameterHandlerBase.cpp][info] b_186                          1.00       0.95       0.95      
[ParameterHandlerBase.cpp][info] b_187                          1.00       1.01       1.01      
[ParameterHandlerBase.cpp][info] b_188                          1.00       1.01       1.01      
[ParameterHandlerBase.cpp][info] b_189                          1.00       1.01       1.01      
[ParameterHandlerBase.cpp][info] b_190                          1.00       0.94       0.94      
[ParameterHandlerBase.cpp][info] b_191                          1.00       1.17       1.17      
[ParameterHandlerBase.cpp][info] b_192                          1.00       1.30       1.30      
[ParameterHandlerBase.cpp][info] b_193                          1.00       0.97       0.95      
[ParameterHandlerBase.cpp][info] b_194                          1.00       0.89       0.89      
[ParameterHandlerBase.cpp][info] b_195                          1.00       0.90       0.89      
[ParameterHandlerBase.cpp][info] b_196                          1.00       0.91       0.91      
[ParameterHandlerBase.cpp][info] b_197                          1.00       0.92       0.92      
[ParameterHandlerBase.cpp][info] b_198                          1.00       0.95       0.94      
[ParameterHandlerBase.cpp][info] b_199                          1.00       0.97       0.96      
[ParameterHandlerBase.cpp][info] b_200                          1.00       1.08       1.07      
[ParameterHandlerBase.cpp][info] b_201                          1.00       0.98       0.97      
[ParameterHandlerBase.cpp][info] b_202                          1.00       0.99       0.99      
[ParameterHandlerBase.cpp][info] b_203                          1.00       0.98       0.98      
[ParameterHandlerBase.cpp][info] b_204                          1.00       0.98       0.98      
[ParameterHandlerBase.cpp][info] b_205                          1.00       0.97       0.97      
[ParameterHandlerBase.cpp][info] b_206                          1.00       1.07       1.07      
[ParameterHandlerBase.cpp][info] b_207                          1.00       1.15       1.15      
[MCMCBase.cpp][info] Step:	10000/50000, current: 103.52, proposed: 121.77
[MCMCBase.cpp][info] Accepted/Total steps: 2188/10000 = 0.22
[SampleHandlerBase.cpp][info] Printing for BeamFDStandardRecord
[SampleHandlerBase.cpp][info] ---------------------------------------------------------------------------------
[SampleHandlerBase.cpp][info] Sample                                  Data           MC             -LLH      |
[SampleHandlerBase.cpp][info] BeamFD_numode_CCNumuLike                5831.68        5954.35        19.92     |
[SampleHandlerBase.cpp][info] Total                                   5831.68        5954.35        19.92     |
[SampleHandlerBase.cpp][info] ---------------------------------------------------------------------------------
[ParameterHandlerBase.cpp][info] Printing parameters for xsec_cov
[ParameterHandlerBase.cpp][info] Name                           Prior      Current    Proposed  
[ParameterHandlerBase.cpp][info] sin2th_12                      0.31       0.31       0.31      
[ParameterHandlerBase.cpp][info] sin2th_23                      0.55       0.44       0.58      
[ParameterHandlerBase.cpp][info] sin2th_13                      0.02       0.00       0.00      
[ParameterHandlerBase.cpp][info] delm2_12                       0.00       0.00       0.00      
[ParameterHandlerBase.cpp][info] delm2_23                       0.00       -0.00      0.00      
[ParameterHandlerBase.cpp][info] delta_cp                       -1.60      1.41       1.69      
[ParameterHandlerBase.cpp][info] baseline                       1284.90    1284.90    1284.90   
[ParameterHandlerBase.cpp][info] density                        2.60       2.67       2.67      
[ParameterHandlerBase.cpp][info] b_104                          1.00       1.03       1.03      
[ParameterHandlerBase.cpp][info] b_105                          1.00       1.01       1.01      
[ParameterHandlerBase.cpp][info] b_106                          1.00       1.00       1.00      
[ParameterHandlerBase.cpp][info] b_107                          1.00       1.02       1.02      
[ParameterHandlerBase.cpp][info] b_108                          1.00       1.03       1.03      
[ParameterHandlerBase.cpp][info] b_109                          1.00       1.03       1.04      
[ParameterHandlerBase.cpp][info] b_110                          1.00       1.02       1.03      
[ParameterHandlerBase.cpp][info] b_111                          1.00       1.01       1.01      
[ParameterHandlerBase.cpp][info] b_112                          1.00       0.98       0.99      
[ParameterHandlerBase.cpp][info] b_113                          1.00       0.97       0.97      
[ParameterHandlerBase.cpp][info] b_114                          1.00       0.94       0.95      
[ParameterHandlerBase.cpp][info] b_115                          1.00       0.93       0.93      
[ParameterHandlerBase.cpp][info] b_116                          1.00       0.98       0.98      
[ParameterHandlerBase.cpp][info] b_117                          1.00       0.96       0.96      
[ParameterHandlerBase.cpp][info] b_118                          1.00       0.96       0.96      
[ParameterHandlerBase.cpp][info] b_119                          1.00       0.86       0.86      
[ParameterHandlerBase.cpp][info] b_120                          1.00       0.76       0.77      
[ParameterHandlerBase.cpp][info] b_121                          1.00       0.85       0.85      
[ParameterHandlerBase.cpp][info] b_122                          1.00       1.12       1.12      
[ParameterHandlerBase.cpp][info] b_123                          1.00       0.99       0.99      
[ParameterHandlerBase.cpp][info] b_124                          1.00       0.96       0.97      
[ParameterHandlerBase.cpp][info] b_125                          1.00       0.94       0.94      
[ParameterHandlerBase.cpp][info] b_126                          1.00       0.92       0.93      
[ParameterHandlerBase.cpp][info] b_127                          1.00       0.92       0.92      
[ParameterHandlerBase.cpp][info] b_128                          1.00       0.92       0.92      
[ParameterHandlerBase.cpp][info] b_129                          1.00       0.92       0.93      
[ParameterHandlerBase.cpp][info] b_130                          1.00       0.93       0.93      
[ParameterHandlerBase.cpp][info] b_131                          1.00       0.94       0.94      
[ParameterHandlerBase.cpp][info] b_132                          1.00       0.96       0.96      
[ParameterHandlerBase.cpp][info] b_133                          1.00       0.93       0.93      
[ParameterHandlerBase.cpp][info] b_134                          1.00       0.92       0.92      
[ParameterHandlerBase.cpp][info] b_135                          1.00       0.94       0.94      
[ParameterHandlerBase.cpp][info] b_136                          1.00       0.91       0.91      
[ParameterHandlerBase.cpp][info] b_137                          1.00       0.88       0.88      
[ParameterHandlerBase.cpp][info] b_138                          1.00       0.82       0.82      
[ParameterHandlerBase.cpp][info] b_139                          1.00       0.99       0.99      
[ParameterHandlerBase.cpp][info] b_140                          1.00       0.91       0.91      
[ParameterHandlerBase.cpp][info] b_141                          1.00       1.52       1.54      
[ParameterHandlerBase.cpp][info] b_142                          1.00       0.98       0.99      
[ParameterHandlerBase.cpp][info] b_143                          1.00       1.02       1.02      
[ParameterHandlerBase.cpp][info] b_144                          1.00       0.95       0.96      
[ParameterHandlerBase.cpp][info] b_145                          1.00       0.94       0.94      
[ParameterHandlerBase.cpp][info] b_146                          1.00       0.93       0.93      
[ParameterHandlerBase.cpp][info] b_147                          1.00       0.90       0.90      
[ParameterHandlerBase.cpp][info] b_148                          1.00       0.98       0.98      
[ParameterHandlerBase.cpp][info] b_149                          1.00       0.96       0.96      
[ParameterHandlerBase.cpp][info] b_150                          1.00       0.93       0.94      
[ParameterHandlerBase.cpp][info] b_151                          1.00       0.92       0.92      
[ParameterHandlerBase.cpp][info] b_152                          1.00       0.93       0.93      
[ParameterHandlerBase.cpp][info] b_153                          1.00       0.94       0.94      
[ParameterHandlerBase.cpp][info] b_154                          1.00       0.93       0.93      
[ParameterHandlerBase.cpp][info] b_155                          1.00       1.24       1.25      
[ParameterHandlerBase.cpp][info] b_156                          1.00       1.03       1.04      
[ParameterHandlerBase.cpp][info] b_157                          1.00       1.00       1.00      
[ParameterHandlerBase.cpp][info] b_158                          1.00       0.99       0.99      
[ParameterHandlerBase.cpp][info] b_159                          1.00       0.99       1.00      
[ParameterHandlerBase.cpp][info] b_160                          1.00       1.00       1.00      
[ParameterHandlerBase.cpp][info] b_161                          1.00       1.00       1.00      
[ParameterHandlerBase.cpp][info] b_162                          1.00       1.00       1.00      
[ParameterHandlerBase.cpp][info] b_163                          1.00       0.98       0.98      
[ParameterHandlerBase.cpp][info] b_164                          1.00       0.99       0.99      
[ParameterHandlerBase.cpp][info] b_165                          1.00       0.98       0.98      
[ParameterHandlerBase.cpp][info] b_166                          1.00       0.97       0.97      
[ParameterHandlerBase.cpp][info] b_167                          1.00       0.96       0.96      
[ParameterHandlerBase.cpp][info] b_168                          1.00       0.94       0.94      
[ParameterHandlerBase.cpp][info] b_169                          1.00       0.94       0.94      
[ParameterHandlerBase.cpp][info] b_170                          1.00       0.92       0.92      
[ParameterHandlerBase.cpp][info] b_171                          1.00       0.80       0.80      
[ParameterHandlerBase.cpp][info] b_172                          1.00       0.68       0.68      
[ParameterHandlerBase.cpp][info] b_173                          1.00       0.93       0.94      
[ParameterHandlerBase.cpp][info] b_174                          1.00       1.08       1.08      
[ParameterHandlerBase.cpp][info] b_175                          1.00       0.99       1.00      
[ParameterHandlerBase.cpp][info] b_176                          1.00       0.97       0.97      
[ParameterHandlerBase.cpp][info] b_177                          1.00       0.97       0.97      
[ParameterHandlerBase.cpp][info] b_178                          1.00       0.97       0.97      
[ParameterHandlerBase.cpp][info] b_179                          1.00       0.97       0.98      
[ParameterHandlerBase.cpp][info] b_180                          1.00       0.97       0.97      
[ParameterHandlerBase.cpp][info] b_181                          1.00       0.95       0.95      
[ParameterHandlerBase.cpp][info] b_182                          1.00       0.95       0.95      
[ParameterHandlerBase.cpp][info] b_183                          1.00       0.93       0.94      
[ParameterHandlerBase.cpp][info] b_184                          1.00       0.94       0.95      
[ParameterHandlerBase.cpp][info] b_185                          1.00       0.90       0.90      
[ParameterHandlerBase.cpp][info] b_186                          1.00       0.93       0.93      
[ParameterHandlerBase.cpp][info] b_187                          1.00       0.95       0.95      
[ParameterHandlerBase.cpp][info] b_188                          1.00       0.93       0.93      
[ParameterHandlerBase.cpp][info] b_189                          1.00       0.93       0.93      
[ParameterHandlerBase.cpp][info] b_190                          1.00       0.78       0.78      
[ParameterHandlerBase.cpp][info] b_191                          1.00       0.95       0.95      
[ParameterHandlerBase.cpp][info] b_192                          1.00       1.06       1.05      
[ParameterHandlerBase.cpp][info] b_193                          1.00       1.53       1.51      
[ParameterHandlerBase.cpp][info] b_194                          1.00       0.94       0.95      
[ParameterHandlerBase.cpp][info] b_195                          1.00       0.93       0.93      
[ParameterHandlerBase.cpp][info] b_196                          1.00       0.90       0.91      
[ParameterHandlerBase.cpp][info] b_197                          1.00       0.90       0.90      
[ParameterHandlerBase.cpp][info] b_198                          1.00       0.89       0.89      
[ParameterHandlerBase.cpp][info] b_199                          1.00       0.89       0.89      
[ParameterHandlerBase.cpp][info] b_200                          1.00       1.09       1.09      
[ParameterHandlerBase.cpp][info] b_201                          1.00       1.00       1.00      
[ParameterHandlerBase.cpp][info] b_202                          1.00       0.97       0.97      
[ParameterHandlerBase.cpp][info] b_203                          1.00       0.99       0.99      
[ParameterHandlerBase.cpp][info] b_204                          1.00       0.85       0.85      
[ParameterHandlerBase.cpp][info] b_205                          1.00       0.88       0.89      
[ParameterHandlerBase.cpp][info] b_206                          1.00       0.94       0.94      
[ParameterHandlerBase.cpp][info] b_207                          1.00       1.16       1.16      
[MCMCBase.cpp][info] Step:	15000/50000, current: 97.02, proposed: 105.26
[MCMCBase.cpp][info] Accepted/Total steps: 3156/15000 = 0.21
[SampleHandlerBase.cpp][info] Printing for BeamFDStandardRecord
[SampleHandlerBase.cpp][info] ---------------------------------------------------------------------------------
[SampleHandlerBase.cpp][info] Sample                                  Data           MC             -LLH      |
[SampleHandlerBase.cpp][info] BeamFD_numode_CCNumuLike                5831.68        5637.53        10.49     |
[SampleHandlerBase.cpp][info] Total                                   5831.68        5637.53        10.49     |
[SampleHandlerBase.cpp][info] ---------------------------------------------------------------------------------
[ParameterHandlerBase.cpp][info] Printing parameters for xsec_cov
[ParameterHandlerBase.cpp][info] Name                           Prior      Current    Proposed  
[ParameterHandlerBase.cpp][info] sin2th_12                      0.31       0.32       0.32      
[ParameterHandlerBase.cpp][info] sin2th_23                      0.55       0.56       0.46      
[ParameterHandlerBase.cpp][info] sin2th_13                      0.02       0.00       0.00      
[ParameterHandlerBase.cpp][info] delm2_12                       0.00       0.00       0.00      
[ParameterHandlerBase.cpp][info] delm2_23                       0.00       -0.00      -0.00     
[ParameterHandlerBase.cpp][info] delta_cp                       -1.60      2.05       2.09      
[ParameterHandlerBase.cpp][info] baseline                       1284.90    1284.90    1284.90   
[ParameterHandlerBase.cpp][info] density                        2.60       2.65       2.65      
[ParameterHandlerBase.cpp][info] b_104                          1.00       0.97       0.97      
[ParameterHandlerBase.cpp][info] b_105                          1.00       0.97       0.97      
[ParameterHandlerBase.cpp][info] b_106                          1.00       0.98       0.98      
[ParameterHandlerBase.cpp][info] b_107                          1.00       1.01       1.01      
[ParameterHandlerBase.cpp][info] b_108                          1.00       1.02       1.02      
[ParameterHandlerBase.cpp][info] b_109                          1.00       1.03       1.03      
[ParameterHandlerBase.cpp][info] b_110                          1.00       1.03       1.02      
[ParameterHandlerBase.cpp][info] b_111                          1.00       1.01       1.01      
[ParameterHandlerBase.cpp][info] b_112                          1.00       0.99       0.99      
[ParameterHandlerBase.cpp][info] b_113                          1.00       0.97       0.97      
[ParameterHandlerBase.cpp][info] b_114                          1.00       0.96       0.96      
[ParameterHandlerBase.cpp][info] b_115                          1.00       0.92       0.92      
[ParameterHandlerBase.cpp][info] b_116                          1.00       0.97       0.96      
[ParameterHandlerBase.cpp][info] b_117                          1.00       0.92       0.92      
[ParameterHandlerBase.cpp][info] b_118                          1.00       0.96       0.96      
[ParameterHandlerBase.cpp][info] b_119                          1.00       0.90       0.89      
[ParameterHandlerBase.cpp][info] b_120                          1.00       0.86       0.85      
[ParameterHandlerBase.cpp][info] b_121                          1.00       1.03       1.02      
[ParameterHandlerBase.cpp][info] b_122                          1.00       1.16       1.15      
[ParameterHandlerBase.cpp][info] b_123                          1.00       0.99       0.99      
[ParameterHandlerBase.cpp][info] b_124                          1.00       0.96       0.95      
[ParameterHandlerBase.cpp][info] b_125                          1.00       0.92       0.92      
[ParameterHandlerBase.cpp][info] b_126                          1.00       0.90       0.90      
[ParameterHandlerBase.cpp][info] b_127                          1.00       0.91       0.90      
[ParameterHandlerBase.cpp][info] b_128                          1.00       0.91       0.91      
[ParameterHandlerBase.cpp][info] b_129                          1.00       0.92       0.91      
[ParameterHandlerBase.cpp][info] b_130                          1.00       0.93       0.92      
[ParameterHandlerBase.cpp][info] b_131                          1.00       0.93       0.93      
[ParameterHandlerBase.cpp][info] b_132                          1.00       0.94       0.94      
[ParameterHandlerBase.cpp][info] b_133                          1.00       0.93       0.93      
[ParameterHandlerBase.cpp][info] b_134                          1.00       0.92       0.92      
[ParameterHandlerBase.cpp][info] b_135                          1.00       0.93       0.93      
[ParameterHandlerBase.cpp][info] b_136                          1.00       0.89       0.89      
[ParameterHandlerBase.cpp][info] b_137                          1.00       0.87       0.86      
[ParameterHandlerBase.cpp][info] b_138                          1.00       0.80       0.80      
[ParameterHandlerBase.cpp][info] b_139                          1.00       0.90       0.89      
[ParameterHandlerBase.cpp][info] b_140                          1.00       0.90       0.90      
[ParameterHandlerBase.cpp][info] b_141                          1.00       1.23       1.25      
[ParameterHandlerBase.cpp][info] b_142                          1.00       0.93       0.93      
[ParameterHandlerBase.cpp][info] b_143                          1.00       1.03       1.02      
[ParameterHandlerBase.cpp][info] b_144                          1.00       0.97       0.97      
[ParameterHandlerBase.cpp][info] b_145                          1.00       1.01       1.00      
[ParameterHandlerBase.cpp][info] b_146                          1.00       1.03       1.03      
[ParameterHandlerBase.cpp][info] b_147                          1.00       1.05       1.04      
[ParameterHandlerBase.cpp][info] b_148                          1.00       0.91       0.90      
[ParameterHandlerBase.cpp][info] b_149                          1.00       0.92       0.92      
[ParameterHandlerBase.cpp][info] b_150                          1.00       0.93       0.93      
[ParameterHandlerBase.cpp][info] b_151                          1.00       0.95       0.95      
[ParameterHandlerBase.cpp][info] b_152                          1.00       0.99       0.98      
[ParameterHandlerBase.cpp][info] b_153                          1.00       1.00       0.99      
[ParameterHandlerBase.cpp][info] b_154                          1.00       1.00       0.99      
[ParameterHandlerBase.cpp][info] b_155                          1.00       1.28       1.28      
[ParameterHandlerBase.cpp][info] b_156                          1.00       0.96       0.96      
[ParameterHandlerBase.cpp][info] b_157                          1.00       0.96       0.95      
[ParameterHandlerBase.cpp][info] b_158                          1.00       0.96       0.96      
[ParameterHandlerBase.cpp][info] b_159                          1.00       0.96       0.95      
[ParameterHandlerBase.cpp][info] b_160                          1.00       0.96       0.95      
[ParameterHandlerBase.cpp][info] b_161                          1.00       0.95       0.95      
[ParameterHandlerBase.cpp][info] b_162                          1.00       0.95       0.94      
[ParameterHandlerBase.cpp][info] b_163                          1.00       0.94       0.93      
[ParameterHandlerBase.cpp][info] b_164                          1.00       0.93       0.93      
[ParameterHandlerBase.cpp][info] b_165                          1.00       0.93       0.92      
[ParameterHandlerBase.cpp][info] b_166                          1.00       0.92       0.91      
[ParameterHandlerBase.cpp][info] b_167                          1.00       0.91       0.91      
[ParameterHandlerBase.cpp][info] b_168                          1.00       0.91       0.91      
[ParameterHandlerBase.cpp][info] b_169                          1.00       0.91       0.90      
[ParameterHandlerBase.cpp][info] b_170                          1.00       0.91       0.90      
[ParameterHandlerBase.cpp][info] b_171                          1.00       0.82       0.81      
[ParameterHandlerBase.cpp][info] b_172                          1.00       0.80       0.79      
[ParameterHandlerBase.cpp][info] b_173                          1.00       1.08       1.07      
[ParameterHandlerBase.cpp][info] b_174                          1.00       1.09       1.08      
[ParameterHandlerBase.cpp][info] b_175                          1.00       1.00       1.00      
[ParameterHandlerBase.cpp][info] b_176                          1.00       1.01       1.00      
[ParameterHandlerBase.cpp][info] b_177                          1.00       1.01       1.01      
[ParameterHandlerBase.cpp][info] b_178                          1.00       1.02       1.02      
[ParameterHandlerBase.cpp][info] b_179                          1.00       1.02       1.02      
[ParameterHandlerBase.cpp][info] b_180                          1.00       1.03       1.02      
[ParameterHandlerBase.cpp][info] b_181                          1.00       1.01       1.01      
[ParameterHandlerBase.cpp][info] b_182                          1.00       1.03       1.03      
[ParameterHandlerBase.cpp][info] b_183                          1.00       1.00       1.00      
[ParameterHandlerBase.cpp][info] b_184                          1.00       1.01       1.01      
[ParameterHandlerBase.cpp][info] b_185                          1.00       0.94       0.94      
[ParameterHandlerBase.cpp][info] b_186                          1.00       0.98       0.98      
[ParameterHandlerBase.cpp][info] b_187                          1.00       0.97       0.97      
[ParameterHandlerBase.cpp][info] b_188                          1.00       0.92       0.92      
[ParameterHandlerBase.cpp][info] b_189                          1.00       0.92       0.92      
[ParameterHandlerBase.cpp][info] b_190                          1.00       0.77       0.76      
[ParameterHandlerBase.cpp][info] b_191                          1.00       0.99       0.99      
[ParameterHandlerBase.cpp][info] b_192                          1.00       1.01       1.01      
[ParameterHandlerBase.cpp][info] b_193                          1.00       2.22       2.24      
[ParameterHandlerBase.cpp][info] b_194                          1.00       0.90       0.90      
[ParameterHandlerBase.cpp][info] b_195                          1.00       0.94       0.94      
[ParameterHandlerBase.cpp][info] b_196                          1.00       0.96       0.95      
[ParameterHandlerBase.cpp][info] b_197                          1.00       0.97       0.97      
[ParameterHandlerBase.cpp][info] b_198                          1.00       0.98       0.97      
[ParameterHandlerBase.cpp][info] b_199                          1.00       1.03       1.01      
[ParameterHandlerBase.cpp][info] b_200                          1.00       1.19       1.18      
[ParameterHandlerBase.cpp][info] b_201                          1.00       1.04       1.04      
[ParameterHandlerBase.cpp][info] b_202                          1.00       1.03       1.02      
[ParameterHandlerBase.cpp][info] b_203                          1.00       1.05       1.05      
[ParameterHandlerBase.cpp][info] b_204                          1.00       0.82       0.81      
[ParameterHandlerBase.cpp][info] b_205                          1.00       0.91       0.91      
[ParameterHandlerBase.cpp][info] b_206                          1.00       1.01       1.00      
[ParameterHandlerBase.cpp][info] b_207                          1.00       1.17       1.17      
[MCMCBase.cpp][info] Step:	20000/50000, current: 83.70, proposed: 84.47
[MCMCBase.cpp][info] Accepted/Total steps: 4353/20000 = 0.22
[SampleHandlerBase.cpp][info] Printing for BeamFDStandardRecord
[SampleHandlerBase.cpp][info] ---------------------------------------------------------------------------------
[SampleHandlerBase.cpp][info] Sample                                  Data           MC             -LLH      |
[SampleHandlerBase.cpp][info] BeamFD_numode_CCNumuLike                5831.68        5927.87        3.00      |
[SampleHandlerBase.cpp][info] Total                                   5831.68        5927.87        3.00      |
[SampleHandlerBase.cpp][info] ---------------------------------------------------------------------------------
[ParameterHandlerBase.cpp][info] Printing parameters for xsec_cov
[ParameterHandlerBase.cpp][info] Name                           Prior      Current    Proposed  
[ParameterHandlerBase.cpp][info] sin2th_12                      0.31       0.31       0.31      
[ParameterHandlerBase.cpp][info] sin2th_23                      0.55       0.59       0.59      
[ParameterHandlerBase.cpp][info] sin2th_13                      0.02       0.03       0.03      
[ParameterHandlerBase.cpp][info] delm2_12                       0.00       0.00       0.00      
[ParameterHandlerBase.cpp][info] delm2_23                       0.00       0.00       0.00      
[ParameterHandlerBase.cpp][info] delta_cp                       -1.60      1.72       1.46      
[ParameterHandlerBase.cpp][info] baseline                       1284.90    1284.86    1284.86   
[ParameterHandlerBase.cpp][info] density                        2.60       2.63       2.62      
[ParameterHandlerBase.cpp][info] b_104                          1.00       0.92       0.93      
[ParameterHandlerBase.cpp][info] b_105                          1.00       0.98       0.99      
[ParameterHandlerBase.cpp][info] b_106                          1.00       1.00       1.00      
[ParameterHandlerBase.cpp][info] b_107                          1.00       1.03       1.03      
[ParameterHandlerBase.cpp][info] b_108                          1.00       1.04       1.04      
[ParameterHandlerBase.cpp][info] b_109                          1.00       1.04       1.04      
[ParameterHandlerBase.cpp][info] b_110                          1.00       1.04       1.04      
[ParameterHandlerBase.cpp][info] b_111                          1.00       1.03       1.03      
[ParameterHandlerBase.cpp][info] b_112                          1.00       1.02       1.02      
[ParameterHandlerBase.cpp][info] b_113                          1.00       1.00       1.00      
[ParameterHandlerBase.cpp][info] b_114                          1.00       0.98       0.99      
[ParameterHandlerBase.cpp][info] b_115                          1.00       0.96       0.97      
[ParameterHandlerBase.cpp][info] b_116                          1.00       0.99       0.99      
[ParameterHandlerBase.cpp][info] b_117                          1.00       0.95       0.95      
[ParameterHandlerBase.cpp][info] b_118                          1.00       0.97       0.97      
[ParameterHandlerBase.cpp][info] b_119                          1.00       0.89       0.89      
[ParameterHandlerBase.cpp][info] b_120                          1.00       0.77       0.77      
[ParameterHandlerBase.cpp][info] b_121                          1.00       0.84       0.84      
[ParameterHandlerBase.cpp][info] b_122                          1.00       1.35       1.35      
[ParameterHandlerBase.cpp][info] b_123                          1.00       0.86       0.86      
[ParameterHandlerBase.cpp][info] b_124                          1.00       0.92       0.92      
[ParameterHandlerBase.cpp][info] b_125                          1.00       0.89       0.89      
[ParameterHandlerBase.cpp][info] b_126                          1.00       0.87       0.87      
[ParameterHandlerBase.cpp][info] b_127                          1.00       0.88       0.88      
[ParameterHandlerBase.cpp][info] b_128                          1.00       0.89       0.89      
[ParameterHandlerBase.cpp][info] b_129                          1.00       0.90       0.90      
[ParameterHandlerBase.cpp][info] b_130                          1.00       0.91       0.91      
[ParameterHandlerBase.cpp][info] b_131                          1.00       0.92       0.92      
[ParameterHandlerBase.cpp][info] b_132                          1.00       0.94       0.94      
[ParameterHandlerBase.cpp][info] b_133                          1.00       0.91       0.92      
[ParameterHandlerBase.cpp][info] b_134                          1.00       0.91       0.91      
[ParameterHandlerBase.cpp][info] b_135                          1.00       0.93       0.94      
[ParameterHandlerBase.cpp][info] b_136                          1.00       0.90       0.90      
[ParameterHandlerBase.cpp][info] b_137                          1.00       0.88       0.88      
[ParameterHandlerBase.cpp][info] b_138                          1.00       0.88       0.88      
[ParameterHandlerBase.cpp][info] b_139                          1.00       1.14       1.14      
[ParameterHandlerBase.cpp][info] b_140                          1.00       1.03       1.02      
[ParameterHandlerBase.cpp][info] b_141                          1.00       1.10       1.15      
[ParameterHandlerBase.cpp][info] b_142                          1.00       0.96       0.96      
[ParameterHandlerBase.cpp][info] b_143                          1.00       1.04       1.04      
[ParameterHandlerBase.cpp][info] b_144                          1.00       0.99       0.99      
[ParameterHandlerBase.cpp][info] b_145                          1.00       0.99       0.99      
[ParameterHandlerBase.cpp][info] b_146                          1.00       0.98       0.98      
[ParameterHandlerBase.cpp][info] b_147                          1.00       0.89       0.89      
[ParameterHandlerBase.cpp][info] b_148                          1.00       0.90       0.90      
[ParameterHandlerBase.cpp][info] b_149                          1.00       0.88       0.88      
[ParameterHandlerBase.cpp][info] b_150                          1.00       0.93       0.93      
[ParameterHandlerBase.cpp][info] b_151                          1.00       0.95       0.94      
[ParameterHandlerBase.cpp][info] b_152                          1.00       0.98       0.98      
[ParameterHandlerBase.cpp][info] b_153                          1.00       1.01       1.01      
[ParameterHandlerBase.cpp][info] b_154                          1.00       1.00       0.99      
[ParameterHandlerBase.cpp][info] b_155                          1.00       1.17       1.17      
[ParameterHandlerBase.cpp][info] b_156                          1.00       0.90       0.90      
[ParameterHandlerBase.cpp][info] b_157                          1.00       0.97       0.97      
[ParameterHandlerBase.cpp][info] b_158                          1.00       0.96       0.96      
[ParameterHandlerBase.cpp][info] b_159                          1.00       0.96       0.96      
[ParameterHandlerBase.cpp][info] b_160                          1.00       0.96       0.96      
[ParameterHandlerBase.cpp][info] b_161                          1.00       0.95       0.96      
[ParameterHandlerBase.cpp][info] b_162                          1.00       0.95       0.96      
[ParameterHandlerBase.cpp][info] b_163                          1.00       0.94       0.94      
[ParameterHandlerBase.cpp][info] b_164                          1.00       0.94       0.94      
[ParameterHandlerBase.cpp][info] b_165                          1.00       0.93       0.94      
[ParameterHandlerBase.cpp][info] b_166                          1.00       0.93       0.94      
[ParameterHandlerBase.cpp][info] b_167                          1.00       0.92       0.92      
[ParameterHandlerBase.cpp][info] b_168                          1.00       0.91       0.92      
[ParameterHandlerBase.cpp][info] b_169                          1.00       0.91       0.91      
[ParameterHandlerBase.cpp][info] b_170                          1.00       0.90       0.91      
[ParameterHandlerBase.cpp][info] b_171                          1.00       0.83       0.84      
[ParameterHandlerBase.cpp][info] b_172                          1.00       0.68       0.68      
[ParameterHandlerBase.cpp][info] b_173                          1.00       0.89       0.89      
[ParameterHandlerBase.cpp][info] b_174                          1.00       1.25       1.24      
[ParameterHandlerBase.cpp][info] b_175                          1.00       0.90       0.90      
[ParameterHandlerBase.cpp][info] b_176                          1.00       0.96       0.96      
[ParameterHandlerBase.cpp][info] b_177                          1.00       0.98       0.98      
[ParameterHandlerBase.cpp][info] b_178                          1.00       1.00       1.00      
[ParameterHandlerBase.cpp][info] b_179                          1.00       1.00       1.00      
[ParameterHandlerBase.cpp][info] b_180                          1.00       1.01       1.01      
[ParameterHandlerBase.cpp][info] b_181                          1.00       1.01       1.01      
[ParameterHandlerBase.cpp][info] b_182                          1.00       1.02       1.02      
[ParameterHandlerBase.cpp][info] b_183                          1.00       1.01       1.01      
[ParameterHandlerBase.cpp][info] b_184                          1.00       1.02       1.02      
[ParameterHandlerBase.cpp][info] b_185                          1.00       0.97       0.97      
[ParameterHandlerBase.cpp][info] b_186                          1.00       0.97       0.97      
[ParameterHandlerBase.cpp][info] b_187                          1.00       0.96       0.96      
[ParameterHandlerBase.cpp][info] b_188                          1.00       0.92       0.92      
[ParameterHandlerBase.cpp][info] b_189                          1.00       0.91       0.92      
[ParameterHandlerBase.cpp][info] b_190                          1.00       0.84       0.84      
[ParameterHandlerBase.cpp][info] b_191                          1.00       1.18       1.17      
[ParameterHandlerBase.cpp][info] b_192                          1.00       1.15       1.14      
[ParameterHandlerBase.cpp][info] b_193                          1.00       1.55       1.55      
[ParameterHandlerBase.cpp][info] b_194                          1.00       0.88       0.88      
[ParameterHandlerBase.cpp][info] b_195                          1.00       0.94       0.94      
[ParameterHandlerBase.cpp][info] b_196                          1.00       0.94       0.94      
[ParameterHandlerBase.cpp][info] b_197                          1.00       0.93       0.93      
[ParameterHandlerBase.cpp][info] b_198                          1.00       0.93       0.93      
[ParameterHandlerBase.cpp][info] b_199                          1.00       0.90       0.89      
[ParameterHandlerBase.cpp][info] b_200                          1.00       1.06       1.05      
[ParameterHandlerBase.cpp][info] b_201                          1.00       0.98       0.98      
[ParameterHandlerBase.cpp][info] b_202                          1.00       0.99       0.99      
[ParameterHandlerBase.cpp][info] b_203                          1.00       1.03       1.03      
[ParameterHandlerBase.cpp][info] b_204                          1.00       0.86       0.85      
[ParameterHandlerBase.cpp][info] b_205                          1.00       0.95       0.95      
[ParameterHandlerBase.cpp][info] b_206                          1.00       1.01       1.01      
[ParameterHandlerBase.cpp][info] b_207                          1.00       1.12       1.11      
[MCMCBase.cpp][info] Step:	25000/50000, current: 82.69, proposed: 84.12
[MCMCBase.cpp][info] Accepted/Total steps: 5185/25000 = 0.21
[SampleHandlerBase.cpp][info] Printing for BeamFDStandardRecord
[SampleHandlerBase.cpp][info] ---------------------------------------------------------------------------------
[SampleHandlerBase.cpp][info] Sample                                  Data           MC             -LLH      |
[SampleHandlerBase.cpp][info] BeamFD_numode_CCNumuLike                5831.68        5749.68        4.89      |
[SampleHandlerBase.cpp][info] Total                                   5831.68        5749.68        4.89      |
[SampleHandlerBase.cpp][info] ---------------------------------------------------------------------------------
[ParameterHandlerBase.cpp][info] Printing parameters for xsec_cov
[ParameterHandlerBase.cpp][info] Name                           Prior      Current    Proposed  
[ParameterHandlerBase.cpp][info] sin2th_12                      0.31       0.31       0.31      
[ParameterHandlerBase.cpp][info] sin2th_23                      0.55       0.60       0.60      
[ParameterHandlerBase.cpp][info] sin2th_13                      0.02       0.05       0.05      
[ParameterHandlerBase.cpp][info] delm2_12                       0.00       0.00       0.00      
[ParameterHandlerBase.cpp][info] delm2_23                       0.00       0.00       0.00      
[ParameterHandlerBase.cpp][info] delta_cp                       -1.60      1.37       1.54      
[ParameterHandlerBase.cpp][info] baseline                       1284.90    1284.83    1284.83   
[ParameterHandlerBase.cpp][info] density                        2.60       2.67       2.67      
[ParameterHandlerBase.cpp][info] b_104                          1.00       0.84       0.84      
[ParameterHandlerBase.cpp][info] b_105                          1.00       0.93       0.93      
[ParameterHandlerBase.cpp][info] b_106                          1.00       0.96       0.96      
[ParameterHandlerBase.cpp][info] b_107                          1.00       1.00       1.00      
[ParameterHandlerBase.cpp][info] b_108                          1.00       1.03       1.03      
[ParameterHandlerBase.cpp][info] b_109                          1.00       1.03       1.03      
[ParameterHandlerBase.cpp][info] b_110                          1.00       1.03       1.03      
[ParameterHandlerBase.cpp][info] b_111                          1.00       1.00       1.00      
[ParameterHandlerBase.cpp][info] b_112                          1.00       0.99       0.99      
[ParameterHandlerBase.cpp][info] b_113                          1.00       0.99       0.98      
[ParameterHandlerBase.cpp][info] b_114                          1.00       0.96       0.96      
[ParameterHandlerBase.cpp][info] b_115                          1.00       0.98       0.98      
[ParameterHandlerBase.cpp][info] b_116                          1.00       1.03       1.02      
[ParameterHandlerBase.cpp][info] b_117                          1.00       1.00       1.00      
[ParameterHandlerBase.cpp][info] b_118                          1.00       1.04       1.04      
[ParameterHandlerBase.cpp][info] b_119                          1.00       1.07       1.07      
[ParameterHandlerBase.cpp][info] b_120                          1.00       0.94       0.94      
[ParameterHandlerBase.cpp][info] b_121                          1.00       1.12       1.13      
[ParameterHandlerBase.cpp][info] b_122                          1.00       1.63       1.64      
[ParameterHandlerBase.cpp][info] b_123                          1.00       0.85       0.85      
[ParameterHandlerBase.cpp][info] b_124                          1.00       0.95       0.95      
[ParameterHandlerBase.cpp][info] b_125                          1.00       0.93       0.93      
[ParameterHandlerBase.cpp][info] b_126                          1.00       0.92       0.92      
[ParameterHandlerBase.cpp][info] b_127                          1.00       0.94       0.94      
[ParameterHandlerBase.cpp][info] b_128                          1.00       0.96       0.96      
[ParameterHandlerBase.cpp][info] b_129                          1.00       0.97       0.97      
[ParameterHandlerBase.cpp][info] b_130                          1.00       0.99       1.00      
[ParameterHandlerBase.cpp][info] b_131                          1.00       1.01       1.01      
[ParameterHandlerBase.cpp][info] b_132                          1.00       1.02       1.02      
[ParameterHandlerBase.cpp][info] b_133                          1.00       1.02       1.02      
[ParameterHandlerBase.cpp][info] b_134                          1.00       1.02       1.02      
[ParameterHandlerBase.cpp][info] b_135                          1.00       1.04       1.04      
[ParameterHandlerBase.cpp][info] b_136                          1.00       1.02       1.02      
[ParameterHandlerBase.cpp][info] b_137                          1.00       1.03       1.03      
[ParameterHandlerBase.cpp][info] b_138                          1.00       1.07       1.07      
[ParameterHandlerBase.cpp][info] b_139                          1.00       1.41       1.41      
[ParameterHandlerBase.cpp][info] b_140                          1.00       1.21       1.21      
[ParameterHandlerBase.cpp][info] b_141                          1.00       1.48       1.48      
[ParameterHandlerBase.cpp][info] b_142                          1.00       0.92       0.92      
[ParameterHandlerBase.cpp][info] b_143                          1.00       1.04       1.04      
[ParameterHandlerBase.cpp][info] b_144                          1.00       1.05       1.05      
[ParameterHandlerBase.cpp][info] b_145                          1.00       1.11       1.11      
[ParameterHandlerBase.cpp][info] b_146                          1.00       1.14       1.14      
[ParameterHandlerBase.cpp][info] b_147                          1.00       1.10       1.10      
[ParameterHandlerBase.cpp][info] b_148                          1.00       1.18       1.19      
[ParameterHandlerBase.cpp][info] b_149                          1.00       0.88       0.88      
[ParameterHandlerBase.cpp][info] b_150                          1.00       1.00       1.00      
[ParameterHandlerBase.cpp][info] b_151                          1.00       1.10       1.10      
[ParameterHandlerBase.cpp][info] b_152                          1.00       1.18       1.19      
[ParameterHandlerBase.cpp][info] b_153                          1.00       1.23       1.24      
[ParameterHandlerBase.cpp][info] b_154                          1.00       1.28       1.29      
[ParameterHandlerBase.cpp][info] b_155                          1.00       1.33       1.33      
[ParameterHandlerBase.cpp][info] b_156                          1.00       0.87       0.87      
[ParameterHandlerBase.cpp][info] b_157                          1.00       0.99       0.99      
[ParameterHandlerBase.cpp][info] b_158                          1.00       0.99       0.99      
[ParameterHandlerBase.cpp][info] b_159                          1.00       1.01       1.01      
[ParameterHandlerBase.cpp][info] b_160                          1.00       1.01       1.01      
[ParameterHandlerBase.cpp][info] b_161                          1.00       1.01       1.01      
[ParameterHandlerBase.cpp][info] b_162                          1.00       1.02       1.02      
[ParameterHandlerBase.cpp][info] b_163                          1.00       1.02       1.02      
[ParameterHandlerBase.cpp][info] b_164                          1.00       1.02       1.02      
[ParameterHandlerBase.cpp][info] b_165                          1.00       1.03       1.03      
[ParameterHandlerBase.cpp][info] b_166                          1.00       1.02       1.02      
[ParameterHandlerBase.cpp][info] b_167                          1.00       1.02       1.02      
[ParameterHandlerBase.cpp][info] b_168                          1.00       1.03       1.03      
[ParameterHandlerBase.cpp][info] b_169                          1.00       1.04       1.04      
[ParameterHandlerBase.cpp][info] b_170                          1.00       1.04       1.04      
[ParameterHandlerBase.cpp][info] b_171                          1.00       1.01       1.01      
[ParameterHandlerBase.cpp][info] b_172                          1.00       0.94       0.95      
[ParameterHandlerBase.cpp][info] b_173                          1.00       1.19       1.19      
[ParameterHandlerBase.cpp][info] b_174                          1.00       1.44       1.45      
[ParameterHandlerBase.cpp][info] b_175                          1.00       0.84       0.84      
[ParameterHandlerBase.cpp][info] b_176                          1.00       0.93       0.93      
[ParameterHandlerBase.cpp][info] b_177                          1.00       0.97       0.97      
[ParameterHandlerBase.cpp][info] b_178                          1.00       1.01       1.01      
[ParameterHandlerBase.cpp][info] b_179                          1.00       1.02       1.02      
[ParameterHandlerBase.cpp][info] b_180                          1.00       1.03       1.04      
[ParameterHandlerBase.cpp][info] b_181                          1.00       1.03       1.03      
[ParameterHandlerBase.cpp][info] b_182                          1.00       1.03       1.03      
[ParameterHandlerBase.cpp][info] b_183                          1.00       1.02       1.02      
[ParameterHandlerBase.cpp][info] b_184                          1.00       1.03       1.03      
[ParameterHandlerBase.cpp][info] b_185                          1.00       0.98       0.98      
[ParameterHandlerBase.cpp][info] b_186                          1.00       0.99       0.99      
[ParameterHandlerBase.cpp][info] b_187                          1.00       1.02       1.03      
[ParameterHandlerBase.cpp][info] b_188                          1.00       1.01       1.01      
[ParameterHandlerBase.cpp][info] b_189                          1.00       1.01       1.01      
[ParameterHandlerBase.cpp][info] b_190                          1.00       1.00       1.00      
[ParameterHandlerBase.cpp][info] b_191                          1.00       1.44       1.44      
[ParameterHandlerBase.cpp][info] b_192                          1.00       1.34       1.34      
[ParameterHandlerBase.cpp][info] b_193                          1.00       1.69       1.68      
[ParameterHandlerBase.cpp][info] b_194                          1.00       0.89       0.89      
[ParameterHandlerBase.cpp][info] b_195                          1.00       1.05       1.05      
[ParameterHandlerBase.cpp][info] b_196                          1.00       1.10       1.10      
[ParameterHandlerBase.cpp][info] b_197                          1.00       1.13       1.14      
[ParameterHandlerBase.cpp][info] b_198                          1.00       1.17       1.18      
[ParameterHandlerBase.cpp][info] b_199                          1.00       1.20       1.20      
[ParameterHandlerBase.cpp][info] b_200                          1.00       1.31       1.32      
[ParameterHandlerBase.cpp][info] b_201                          1.00       0.95       0.95      
[ParameterHandlerBase.cpp][info] b_202                          1.00       1.00       1.00      
[ParameterHandlerBase.cpp][info] b_203                          1.00       1.11       1.11      
[ParameterHandlerBase.cpp][info] b_204                          1.00       0.98       0.99      
[ParameterHandlerBase.cpp][info] b_205                          1.00       1.14       1.14      
[ParameterHandlerBase.cpp][info] b_206                          1.00       1.26       1.26      
[ParameterHandlerBase.cpp][info] b_207                          1.00       1.33       1.33      
[MCMCBase.cpp][info] Step:	30000/50000, current: 78.37, proposed: 78.37
[MCMCBase.cpp][info] Accepted/Total steps: 6016/30000 = 0.20
[SampleHandlerBase.cpp][info] Printing for BeamFDStandardRecord
[SampleHandlerBase.cpp][info] ---------------------------------------------------------------------------------
[SampleHandlerBase.cpp][info] Sample                                  Data           MC             -LLH      |
[SampleHandlerBase.cpp][info] BeamFD_numode_CCNumuLike                5831.68        5713.79        4.66      |
[SampleHandlerBase.cpp][info] Total                                   5831.68        5713.79        4.66      |
[SampleHandlerBase.cpp][info] ---------------------------------------------------------------------------------
[ParameterHandlerBase.cpp][info] Printing parameters for xsec_cov
[ParameterHandlerBase.cpp][info] Name                           Prior      Current    Proposed  
[ParameterHandlerBase.cpp][info] sin2th_12                      0.31       0.30       0.30      
[ParameterHandlerBase.cpp][info] sin2th_23                      0.55       0.60       0.60      
[ParameterHandlerBase.cpp][info] sin2th_13                      0.02       0.05       0.05      
[ParameterHandlerBase.cpp][info] delm2_12                       0.00       0.00       0.00      
[ParameterHandlerBase.cpp][info] delm2_23                       0.00       0.00       0.00      
[ParameterHandlerBase.cpp][info] delta_cp                       -1.60      -1.54      -1.54     
[ParameterHandlerBase.cpp][info] baseline                       1284.90    1284.85    1284.85   
[ParameterHandlerBase.cpp][info] density                        2.60       2.69       2.69      
[ParameterHandlerBase.cpp][info] b_104                          1.00       0.81       0.81      
[ParameterHandlerBase.cpp][info] b_105                          1.00       0.90       0.90      
[ParameterHandlerBase.cpp][info] b_106                          1.00       0.93       0.93      
[ParameterHandlerBase.cpp][info] b_107                          1.00       0.98       0.98      
[ParameterHandlerBase.cpp][info] b_108                          1.00       1.01       1.01      
[ParameterHandlerBase.cpp][info] b_109                          1.00       1.03       1.03      
[ParameterHandlerBase.cpp][info] b_110                          1.00       1.03       1.03      
[ParameterHandlerBase.cpp][info] b_111                          1.00       1.01       1.01      
[ParameterHandlerBase.cpp][info] b_112                          1.00       1.00       1.00      
[ParameterHandlerBase.cpp][info] b_113                          1.00       0.99       0.99      
[ParameterHandlerBase.cpp][info] b_114                          1.00       0.97       0.97      
[ParameterHandlerBase.cpp][info] b_115                          1.00       0.97       0.97      
[ParameterHandlerBase.cpp][info] b_116                          1.00       1.02       1.02      
[ParameterHandlerBase.cpp][info] b_117                          1.00       1.01       1.01      
[ParameterHandlerBase.cpp][info] b_118                          1.00       1.04       1.04      
[ParameterHandlerBase.cpp][info] b_119                          1.00       1.05       1.05      
[ParameterHandlerBase.cpp][info] b_120                          1.00       1.02       1.02      
[ParameterHandlerBase.cpp][info] b_121                          1.00       1.15       1.15      
[ParameterHandlerBase.cpp][info] b_122                          1.00       1.36       1.36      
[ParameterHandlerBase.cpp][info] b_123                          1.00       0.87       0.87      
[ParameterHandlerBase.cpp][info] b_124                          1.00       0.97       0.97      
[ParameterHandlerBase.cpp][info] b_125                          1.00       0.92       0.92      
[ParameterHandlerBase.cpp][info] b_126                          1.00       0.91       0.91      
[ParameterHandlerBase.cpp][info] b_127                          1.00       0.93       0.93      
[ParameterHandlerBase.cpp][info] b_128                          1.00       0.95       0.95      
[ParameterHandlerBase.cpp][info] b_129                          1.00       0.96       0.96      
[ParameterHandlerBase.cpp][info] b_130                          1.00       0.99       0.99      
[ParameterHandlerBase.cpp][info] b_131                          1.00       0.99       0.99      
[ParameterHandlerBase.cpp][info] b_132                          1.00       1.01       1.01      
[ParameterHandlerBase.cpp][info] b_133                          1.00       1.00       1.00      
[ParameterHandlerBase.cpp][info] b_134                          1.00       1.00       1.00      
[ParameterHandlerBase.cpp][info] b_135                          1.00       0.99       0.99      
[ParameterHandlerBase.cpp][info] b_136                          1.00       0.97       0.97      
[ParameterHandlerBase.cpp][info] b_137                          1.00       0.98       0.98      
[ParameterHandlerBase.cpp][info] b_138                          1.00       0.99       0.99      
[ParameterHandlerBase.cpp][info] b_139                          1.00       1.15       1.15      
[ParameterHandlerBase.cpp][info] b_140                          1.00       1.02       1.02      
[ParameterHandlerBase.cpp][info] b_141                          1.00       1.01       1.01      
[ParameterHandlerBase.cpp][info] b_142                          1.00       0.89       0.89      
[ParameterHandlerBase.cpp][info] b_143                          1.00       1.01       1.01      
[ParameterHandlerBase.cpp][info] b_144                          1.00       1.02       1.02      
[ParameterHandlerBase.cpp][info] b_145                          1.00       1.07       1.07      
[ParameterHandlerBase.cpp][info] b_146                          1.00       1.11       1.11      
[ParameterHandlerBase.cpp][info] b_147                          1.00       1.14       1.14      
[ParameterHandlerBase.cpp][info] b_148                          1.00       1.10       1.10      
[ParameterHandlerBase.cpp][info] b_149                          1.00       0.84       0.84      
[ParameterHandlerBase.cpp][info] b_150                          1.00       0.92       0.92      
[ParameterHandlerBase.cpp][info] b_151                          1.00       0.99       0.99      
[ParameterHandlerBase.cpp][info] b_152                          1.00       1.06       1.06      
[ParameterHandlerBase.cpp][info] b_153                          1.00       1.10       1.10      
[ParameterHandlerBase.cpp][info] b_154                          1.00       1.14       1.14      
[ParameterHandlerBase.cpp][info] b_155                          1.00       1.18       1.18      
[ParameterHandlerBase.cpp][info] b_156                          1.00       0.85       0.85      
[ParameterHandlerBase.cpp][info] b_157                          1.00       0.96       0.96      
[ParameterHandlerBase.cpp][info] b_158                          1.00       0.98       0.98      
[ParameterHandlerBase.cpp][info] b_159                          1.00       1.00       1.00      
[ParameterHandlerBase.cpp][info] b_160                          1.00       1.02       1.02      
[ParameterHandlerBase.cpp][info] b_161                          1.00       1.03       1.03      
[ParameterHandlerBase.cpp][info] b_162                          1.00       1.04       1.04      
[ParameterHandlerBase.cpp][info] b_163                          1.00       1.04       1.04      
[ParameterHandlerBase.cpp][info] b_164                          1.00       1.04       1.04      
[ParameterHandlerBase.cpp][info] b_165                          1.00       1.05       1.05      
[ParameterHandlerBase.cpp][info] b_166                          1.00       1.03       1.03      
[ParameterHandlerBase.cpp][info] b_167                          1.00       1.02       1.02      
[ParameterHandlerBase.cpp][info] b_168                          1.00       1.03       1.03      
[ParameterHandlerBase.cpp][info] b_169                          1.00       1.04       1.04      
[ParameterHandlerBase.cpp][info] b_170                          1.00       1.05       1.05      
[ParameterHandlerBase.cpp][info] b_171                          1.00       1.00       1.00      
[ParameterHandlerBase.cpp][info] b_172                          1.00       0.97       0.97      
[ParameterHandlerBase.cpp][info] b_173                          1.00       1.19       1.19      
[ParameterHandlerBase.cpp][info] b_174                          1.00       1.32       1.32      
[ParameterHandlerBase.cpp][info] b_175                          1.00       0.83       0.83      
[ParameterHandlerBase.cpp][info] b_176                          1.00       0.93       0.93      
[ParameterHandlerBase.cpp][info] b_177                          1.00       0.96       0.96      
[ParameterHandlerBase.cpp][info] b_178                          1.00       0.99       0.99      
[ParameterHandlerBase.cpp][info] b_179                          1.00       1.00       1.00      
[ParameterHandlerBase.cpp][info] b_180                          1.00       1.01       1.01      
[ParameterHandlerBase.cpp][info] b_181                          1.00       1.00       1.00      
[ParameterHandlerBase.cpp][info] b_182                          1.00       1.00       1.00      
[ParameterHandlerBase.cpp][info] b_183                          1.00       0.97       0.97      
[ParameterHandlerBase.cpp][info] b_184                          1.00       0.97       0.97      
[ParameterHandlerBase.cpp][info] b_185                          1.00       0.93       0.93      
[ParameterHandlerBase.cpp][info] b_186                          1.00       0.95       0.95      
[ParameterHandlerBase.cpp][info] b_187                          1.00       0.98       0.98      
[ParameterHandlerBase.cpp][info] b_188                          1.00       0.95       0.95      
[ParameterHandlerBase.cpp][info] b_189                          1.00       0.93       0.93      
[ParameterHandlerBase.cpp][info] b_190                          1.00       0.89       0.89      
[ParameterHandlerBase.cpp][info] b_191                          1.00       1.21       1.21      
[ParameterHandlerBase.cpp][info] b_192                          1.00       1.10       1.10      
[ParameterHandlerBase.cpp][info] b_193                          1.00       1.90       1.90      
[ParameterHandlerBase.cpp][info] b_194                          1.00       0.85       0.85      
[ParameterHandlerBase.cpp][info] b_195                          1.00       0.99       0.99      
[ParameterHandlerBase.cpp][info] b_196                          1.00       1.04       1.04      
[ParameterHandlerBase.cpp][info] b_197                          1.00       1.07       1.07      
[ParameterHandlerBase.cpp][info] b_198                          1.00       1.12       1.12      
[ParameterHandlerBase.cpp][info] b_199                          1.00       1.16       1.16      
[ParameterHandlerBase.cpp][info] b_200                          1.00       1.27       1.27      
[ParameterHandlerBase.cpp][info] b_201                          1.00       0.95       0.95      
[ParameterHandlerBase.cpp][info] b_202                          1.00       0.99       0.99      
[ParameterHandlerBase.cpp][info] b_203                          1.00       1.01       1.01      
[ParameterHandlerBase.cpp][info] b_204                          1.00       0.91       0.91      
[ParameterHandlerBase.cpp][info] b_205                          1.00       1.00       1.00      
[ParameterHandlerBase.cpp][info] b_206                          1.00       1.13       1.13      
[ParameterHandlerBase.cpp][info] b_207                          1.00       1.17       1.17      
[MCMCBase.cpp][info] Step:	35000/50000, current: 55.95, proposed: 76.03
[MCMCBase.cpp][info] Accepted/Total steps: 6863/35000 = 0.20
[SampleHandlerBase.cpp][info] Printing for BeamFDStandardRecord
[SampleHandlerBase.cpp][info] ---------------------------------------------------------------------------------
[SampleHandlerBase.cpp][info] Sample                                  Data           MC             -LLH      |
[SampleHandlerBase.cpp][info] BeamFD_numode_CCNumuLike                5831.68        5989.20        22.40     |
[SampleHandlerBase.cpp][info] Total                                   5831.68        5989.20        22.40     |
[SampleHandlerBase.cpp][info] ---------------------------------------------------------------------------------
[ParameterHandlerBase.cpp][info] Printing parameters for xsec_cov
[ParameterHandlerBase.cpp][info] Name                           Prior      Current    Proposed  
[ParameterHandlerBase.cpp][info] sin2th_12                      0.31       0.30       0.30      
[ParameterHandlerBase.cpp][info] sin2th_23                      0.55       0.60       0.42      
[ParameterHandlerBase.cpp][info] sin2th_13                      0.02       0.05       0.05      
[ParameterHandlerBase.cpp][info] delm2_12                       0.00       0.00       0.00      
[ParameterHandlerBase.cpp][info] delm2_23                       0.00       0.00       -0.00     
[ParameterHandlerBase.cpp][info] delta_cp                       -1.60      -2.95      -2.68     
[ParameterHandlerBase.cpp][info] baseline                       1284.90    1284.84    1284.84   
[ParameterHandlerBase.cpp][info] density                        2.60       2.66       2.66      
[ParameterHandlerBase.cpp][info] b_104                          1.00       0.90       0.90      
[ParameterHandlerBase.cpp][info] b_105                          1.00       0.95       0.94      
[ParameterHandlerBase.cpp][info] b_106                          1.00       0.96       0.96      
[ParameterHandlerBase.cpp][info] b_107                          1.00       0.98       0.98      
[ParameterHandlerBase.cpp][info] b_108                          1.00       0.99       0.99      
[ParameterHandlerBase.cpp][info] b_109                          1.00       1.00       1.00      
[ParameterHandlerBase.cpp][info] b_110                          1.00       1.01       1.01      
[ParameterHandlerBase.cpp][info] b_111                          1.00       1.00       1.00      
[ParameterHandlerBase.cpp][info] b_112                          1.00       1.00       1.00      
[ParameterHandlerBase.cpp][info] b_113                          1.00       0.99       0.99      
[ParameterHandlerBase.cpp][info] b_114                          1.00       0.98       0.98      
[ParameterHandlerBase.cpp][info] b_115                          1.00       0.97       0.97      
[ParameterHandlerBase.cpp][info] b_116                          1.00       1.01       1.01      
[ParameterHandlerBase.cpp][info] b_117                          1.00       0.99       0.99      
[ParameterHandlerBase.cpp][info] b_118                          1.00       1.01       1.01      
[ParameterHandlerBase.cpp][info] b_119                          1.00       1.01       1.01      
[ParameterHandlerBase.cpp][info] b_120                          1.00       0.99       0.99      
[ParameterHandlerBase.cpp][info] b_121                          1.00       1.02       1.02      
[ParameterHandlerBase.cpp][info] b_122                          1.00       1.19       1.20      
[ParameterHandlerBase.cpp][info] b_123                          1.00       0.98       0.98      
[ParameterHandlerBase.cpp][info] b_124                          1.00       1.00       1.00      
[ParameterHandlerBase.cpp][info] b_125                          1.00       0.97       0.97      
[ParameterHandlerBase.cpp][info] b_126                          1.00       0.96       0.96      
[ParameterHandlerBase.cpp][info] b_127                          1.00       0.97       0.97      
[ParameterHandlerBase.cpp][info] b_128                          1.00       0.98       0.98      
[ParameterHandlerBase.cpp][info] b_129                          1.00       0.99       0.99      
[ParameterHandlerBase.cpp][info] b_130                          1.00       1.00       1.00      
[ParameterHandlerBase.cpp][info] b_131                          1.00       1.00       1.00      
[ParameterHandlerBase.cpp][info] b_132                          1.00       1.02       1.02      
[ParameterHandlerBase.cpp][info] b_133                          1.00       1.01       1.01      
[ParameterHandlerBase.cpp][info] b_134                          1.00       1.00       1.00      
[ParameterHandlerBase.cpp][info] b_135                          1.00       1.02       1.02      
[ParameterHandlerBase.cpp][info] b_136                          1.00       1.00       0.99      
[ParameterHandlerBase.cpp][info] b_137                          1.00       1.00       1.00      
[ParameterHandlerBase.cpp][info] b_138                          1.00       1.06       1.06      
[ParameterHandlerBase.cpp][info] b_139                          1.00       1.40       1.39      
[ParameterHandlerBase.cpp][info] b_140                          1.00       1.13       1.12      
[ParameterHandlerBase.cpp][info] b_141                          1.00       1.50       1.47      
[ParameterHandlerBase.cpp][info] b_142                          1.00       0.94       0.94      
[ParameterHandlerBase.cpp][info] b_143                          1.00       1.01       1.01      
[ParameterHandlerBase.cpp][info] b_144                          1.00       1.01       1.01      
[ParameterHandlerBase.cpp][info] b_145                          1.00       1.05       1.06      
[ParameterHandlerBase.cpp][info] b_146                          1.00       1.09       1.09      
[ParameterHandlerBase.cpp][info] b_147                          1.00       1.10       1.10      
[ParameterHandlerBase.cpp][info] b_148                          1.00       0.99       0.99      
[ParameterHandlerBase.cpp][info] b_149                          1.00       0.96       0.96      
[ParameterHandlerBase.cpp][info] b_150                          1.00       1.00       1.00      
[ParameterHandlerBase.cpp][info] b_151                          1.00       1.06       1.06      
[ParameterHandlerBase.cpp][info] b_152                          1.00       1.13       1.13      
[ParameterHandlerBase.cpp][info] b_153                          1.00       1.21       1.21      
[ParameterHandlerBase.cpp][info] b_154                          1.00       1.23       1.23      
[ParameterHandlerBase.cpp][info] b_155                          1.00       1.19       1.19      
[ParameterHandlerBase.cpp][info] b_156                          1.00       0.95       0.95      
[ParameterHandlerBase.cpp][info] b_157                          1.00       0.98       0.98      
[ParameterHandlerBase.cpp][info] b_158                          1.00       0.98       0.98      
[ParameterHandlerBase.cpp][info] b_159                          1.00       0.99       0.99      
[ParameterHandlerBase.cpp][info] b_160                          1.00       1.00       1.00      
[ParameterHandlerBase.cpp][info] b_161                          1.00       1.01       1.01      
[ParameterHandlerBase.cpp][info] b_162                          1.00       1.02       1.02      
[ParameterHandlerBase.cpp][info] b_163                          1.00       1.02       1.02      
[ParameterHandlerBase.cpp][info] b_164                          1.00       1.03       1.03      
[ParameterHandlerBase.cpp][info] b_165                          1.00       1.02       1.02      
[ParameterHandlerBase.cpp][info] b_166                          1.00       1.02       1.01      
[ParameterHandlerBase.cpp][info] b_167                          1.00       1.01       1.01      
[ParameterHandlerBase.cpp][info] b_168                          1.00       1.00       1.00      
[ParameterHandlerBase.cpp][info] b_169                          1.00       1.01       1.01      
[ParameterHandlerBase.cpp][info] b_170                          1.00       1.01       1.01      
[ParameterHandlerBase.cpp][info] b_171                          1.00       0.97       0.96      
[ParameterHandlerBase.cpp][info] b_172                          1.00       0.94       0.94      
[ParameterHandlerBase.cpp][info] b_173                          1.00       1.05       1.05      
[ParameterHandlerBase.cpp][info] b_174                          1.00       1.13       1.14      
[ParameterHandlerBase.cpp][info] b_175                          1.00       0.93       0.93      
[ParameterHandlerBase.cpp][info] b_176                          1.00       0.98       0.98      
[ParameterHandlerBase.cpp][info] b_177                          1.00       0.99       0.99      
[ParameterHandlerBase.cpp][info] b_178                          1.00       1.01       1.01      
[ParameterHandlerBase.cpp][info] b_179                          1.00       1.02       1.02      
[ParameterHandlerBase.cpp][info] b_180                          1.00       1.03       1.02      
[ParameterHandlerBase.cpp][info] b_181                          1.00       1.01       1.01      
[ParameterHandlerBase.cpp][info] b_182                          1.00       1.00       1.00      
[ParameterHandlerBase.cpp][info] b_183                          1.00       0.98       0.98      
[ParameterHandlerBase.cpp][info] b_184                          1.00       0.99       0.99      
[ParameterHandlerBase.cpp][info] b_185                          1.00       0.95       0.95      
[ParameterHandlerBase.cpp][info] b_186                          1.00       0.97       0.96      
[ParameterHandlerBase.cpp][info] b_187                          1.00       0.99       0.98      
[ParameterHandlerBase.cpp][info] b_188                          1.00       0.97       0.97      
[ParameterHandlerBase.cpp][info] b_189                          1.00       0.97       0.97      
[ParameterHandlerBase.cpp][info] b_190                          1.00       0.97       0.97      
[ParameterHandlerBase.cpp][info] b_191                          1.00       1.32       1.32      
[ParameterHandlerBase.cpp][info] b_192                          1.00       1.23       1.23      
[ParameterHandlerBase.cpp][info] b_193                          1.00       1.86       1.85      
[ParameterHandlerBase.cpp][info] b_194                          1.00       0.95       0.95      
[ParameterHandlerBase.cpp][info] b_195                          1.00       1.01       1.01      
[ParameterHandlerBase.cpp][info] b_196                          1.00       1.05       1.05      
[ParameterHandlerBase.cpp][info] b_197                          1.00       1.08       1.08      
[ParameterHandlerBase.cpp][info] b_198                          1.00       1.14       1.14      
[ParameterHandlerBase.cpp][info] b_199                          1.00       1.14       1.14      
[ParameterHandlerBase.cpp][info] b_200                          1.00       1.10       1.10      
[ParameterHandlerBase.cpp][info] b_201                          1.00       1.00       1.00      
[ParameterHandlerBase.cpp][info] b_202                          1.00       1.01       1.01      
[ParameterHandlerBase.cpp][info] b_203                          1.00       1.04       1.04      
[ParameterHandlerBase.cpp][info] b_204                          1.00       0.97       0.97      
[ParameterHandlerBase.cpp][info] b_205                          1.00       1.09       1.09      
[ParameterHandlerBase.cpp][info] b_206                          1.00       1.21       1.21      
[ParameterHandlerBase.cpp][info] b_207                          1.00       1.15       1.15      
[MCMCBase.cpp][info] Step:	40000/50000, current: 56.17, proposed: 126.27
[MCMCBase.cpp][info] Accepted/Total steps: 7753/40000 = 0.19
[SampleHandlerBase.cpp][info] Printing for BeamFDStandardRecord
[SampleHandlerBase.cpp][info] ---------------------------------------------------------------------------------
[SampleHandlerBase.cpp][info] Sample                                  Data           MC             -LLH      |
[SampleHandlerBase.cpp][info] BeamFD_numode_CCNumuLike                5831.68        6141.19        73.58     |
[SampleHandlerBase.cpp][info] Total                                   5831.68        6141.19        73.58     |
[SampleHandlerBase.cpp][info] ---------------------------------------------------------------------------------
[ParameterHandlerBase.cpp][info] Printing parameters for xsec_cov
[ParameterHandlerBase.cpp][info] Name                           Prior      Current    Proposed  
[ParameterHandlerBase.cpp][info] sin2th_12                      0.31       0.32       0.32      
[ParameterHandlerBase.cpp][info] sin2th_23                      0.55       0.59       0.43      
[ParameterHandlerBase.cpp][info] sin2th_13                      0.02       0.06       0.06      
[ParameterHandlerBase.cpp][info] delm2_12                       0.00       0.00       0.00      
[ParameterHandlerBase.cpp][info] delm2_23                       0.00       -0.00      0.00      
[ParameterHandlerBase.cpp][info] delta_cp                       -1.60      0.94       1.11      
[ParameterHandlerBase.cpp][info] baseline                       1284.90    1284.85    1284.85   
[ParameterHandlerBase.cpp][info] density                        2.60       2.69       2.70      
[ParameterHandlerBase.cpp][info] b_104                          1.00       0.87       0.87      
[ParameterHandlerBase.cpp][info] b_105                          1.00       0.93       0.93      
[ParameterHandlerBase.cpp][info] b_106                          1.00       0.95       0.95      
[ParameterHandlerBase.cpp][info] b_107                          1.00       0.99       0.99      
[ParameterHandlerBase.cpp][info] b_108                          1.00       1.01       1.01      
[ParameterHandlerBase.cpp][info] b_109                          1.00       1.03       1.03      
[ParameterHandlerBase.cpp][info] b_110                          1.00       1.04       1.04      
[ParameterHandlerBase.cpp][info] b_111                          1.00       1.04       1.04      
[ParameterHandlerBase.cpp][info] b_112                          1.00       1.02       1.02      
[ParameterHandlerBase.cpp][info] b_113                          1.00       1.01       1.01      
[ParameterHandlerBase.cpp][info] b_114                          1.00       0.97       0.97      
[ParameterHandlerBase.cpp][info] b_115                          1.00       0.95       0.95      
[ParameterHandlerBase.cpp][info] b_116                          1.00       1.02       1.01      
[ParameterHandlerBase.cpp][info] b_117                          1.00       0.99       0.99      
[ParameterHandlerBase.cpp][info] b_118                          1.00       0.99       0.99      
[ParameterHandlerBase.cpp][info] b_119                          1.00       0.98       0.99      
[ParameterHandlerBase.cpp][info] b_120                          1.00       0.94       0.94      
[ParameterHandlerBase.cpp][info] b_121                          1.00       0.86       0.86      
[ParameterHandlerBase.cpp][info] b_122                          1.00       1.04       1.05      
[ParameterHandlerBase.cpp][info] b_123                          1.00       0.95       0.95      
[ParameterHandlerBase.cpp][info] b_124                          1.00       1.00       1.00      
[ParameterHandlerBase.cpp][info] b_125                          1.00       0.96       0.96      
[ParameterHandlerBase.cpp][info] b_126                          1.00       0.94       0.94      
[ParameterHandlerBase.cpp][info] b_127                          1.00       0.95       0.95      
[ParameterHandlerBase.cpp][info] b_128                          1.00       0.96       0.96      
[ParameterHandlerBase.cpp][info] b_129                          1.00       0.97       0.97      
[ParameterHandlerBase.cpp][info] b_130                          1.00       0.98       0.98      
[ParameterHandlerBase.cpp][info] b_131                          1.00       0.99       0.99      
[ParameterHandlerBase.cpp][info] b_132                          1.00       1.01       1.01      
[ParameterHandlerBase.cpp][info] b_133                          1.00       0.98       0.98      
[ParameterHandlerBase.cpp][info] b_134                          1.00       0.97       0.97      
[ParameterHandlerBase.cpp][info] b_135                          1.00       0.99       0.99      
[ParameterHandlerBase.cpp][info] b_136                          1.00       0.97       0.96      
[ParameterHandlerBase.cpp][info] b_137                          1.00       0.95       0.95      
[ParameterHandlerBase.cpp][info] b_138                          1.00       0.97       0.96      
[ParameterHandlerBase.cpp][info] b_139                          1.00       1.30       1.29      
[ParameterHandlerBase.cpp][info] b_140                          1.00       1.12       1.12      
[ParameterHandlerBase.cpp][info] b_141                          1.00       1.24       1.27      
[ParameterHandlerBase.cpp][info] b_142                          1.00       0.94       0.94      
[ParameterHandlerBase.cpp][info] b_143                          1.00       1.03       1.03      
[ParameterHandlerBase.cpp][info] b_144                          1.00       0.99       0.99      
[ParameterHandlerBase.cpp][info] b_145                          1.00       1.01       1.01      
[ParameterHandlerBase.cpp][info] b_146                          1.00       1.03       1.03      
[ParameterHandlerBase.cpp][info] b_147                          1.00       1.00       1.00      
[ParameterHandlerBase.cpp][info] b_148                          1.00       0.89       0.89      
[ParameterHandlerBase.cpp][info] b_149                          1.00       0.93       0.92      
[ParameterHandlerBase.cpp][info] b_150                          1.00       0.94       0.94      
[ParameterHandlerBase.cpp][info] b_151                          1.00       0.95       0.95      
[ParameterHandlerBase.cpp][info] b_152                          1.00       0.98       0.98      
[ParameterHandlerBase.cpp][info] b_153                          1.00       1.03       1.03      
[ParameterHandlerBase.cpp][info] b_154                          1.00       1.08       1.08      
[ParameterHandlerBase.cpp][info] b_155                          1.00       1.17       1.18      
[ParameterHandlerBase.cpp][info] b_156                          1.00       0.90       0.89      
[ParameterHandlerBase.cpp][info] b_157                          1.00       0.96       0.95      
[ParameterHandlerBase.cpp][info] b_158                          1.00       0.97       0.97      
[ParameterHandlerBase.cpp][info] b_159                          1.00       0.98       0.98      
[ParameterHandlerBase.cpp][info] b_160                          1.00       1.00       1.00      
[ParameterHandlerBase.cpp][info] b_161                          1.00       1.02       1.02      
[ParameterHandlerBase.cpp][info] b_162                          1.00       1.03       1.02      
[ParameterHandlerBase.cpp][info] b_163                          1.00       1.02       1.01      
[ParameterHandlerBase.cpp][info] b_164                          1.00       1.02       1.02      
[ParameterHandlerBase.cpp][info] b_165                          1.00       1.02       1.01      
[ParameterHandlerBase.cpp][info] b_166                          1.00       1.02       1.01      
[ParameterHandlerBase.cpp][info] b_167                          1.00       1.00       1.00      
[ParameterHandlerBase.cpp][info] b_168                          1.00       0.99       0.99      
[ParameterHandlerBase.cpp][info] b_169                          1.00       0.99       0.99      
[ParameterHandlerBase.cpp][info] b_170                          1.00       0.98       0.98      
[ParameterHandlerBase.cpp][info] b_171                          1.00       0.90       0.91      
[ParameterHandlerBase.cpp][info] b_172                          1.00       0.80       0.80      
[ParameterHandlerBase.cpp][info] b_173                          1.00       0.90       0.90      
[ParameterHandlerBase.cpp][info] b_174                          1.00       0.96       0.97      
[ParameterHandlerBase.cpp][info] b_175                          1.00       0.91       0.91      
[ParameterHandlerBase.cpp][info] b_176                          1.00       0.97       0.97      
[ParameterHandlerBase.cpp][info] b_177                          1.00       1.00       1.00      
[ParameterHandlerBase.cpp][info] b_178                          1.00       1.03       1.03      
[ParameterHandlerBase.cpp][info] b_179                          1.00       1.04       1.04      
[ParameterHandlerBase.cpp][info] b_180                          1.00       1.04       1.04      
[ParameterHandlerBase.cpp][info] b_181                          1.00       1.03       1.03      
[ParameterHandlerBase.cpp][info] b_182                          1.00       1.03       1.03      
[ParameterHandlerBase.cpp][info] b_183                          1.00       1.00       1.01      
[ParameterHandlerBase.cpp][info] b_184                          1.00       1.00       1.01      
[ParameterHandlerBase.cpp][info] b_185                          1.00       0.94       0.94      
[ParameterHandlerBase.cpp][info] b_186                          1.00       0.95       0.95      
[ParameterHandlerBase.cpp][info] b_187                          1.00       0.99       0.99      
[ParameterHandlerBase.cpp][info] b_188                          1.00       0.95       0.95      
[ParameterHandlerBase.cpp][info] b_189                          1.00       0.94       0.93      
[ParameterHandlerBase.cpp][info] b_190                          1.00       0.92       0.92      
[ParameterHandlerBase.cpp][info] b_191                          1.00       1.23       1.23      
[ParameterHandlerBase.cpp][info] b_192                          1.00       1.21       1.21      
[ParameterHandlerBase.cpp][info] b_193                          1.00       1.44       1.47      
[ParameterHandlerBase.cpp][info] b_194                          1.00       0.90       0.90      
[ParameterHandlerBase.cpp][info] b_195                          1.00       0.96       0.96      
[ParameterHandlerBase.cpp][info] b_196                          1.00       0.96       0.95      
[ParameterHandlerBase.cpp][info] b_197                          1.00       0.94       0.94      
[ParameterHandlerBase.cpp][info] b_198                          1.00       0.96       0.96      
[ParameterHandlerBase.cpp][info] b_199                          1.00       0.97       0.97      
[ParameterHandlerBase.cpp][info] b_200                          1.00       1.02       1.02      
[ParameterHandlerBase.cpp][info] b_201                          1.00       1.00       1.01      
[ParameterHandlerBase.cpp][info] b_202                          1.00       1.01       1.01      
[ParameterHandlerBase.cpp][info] b_203                          1.00       1.03       1.03      
[ParameterHandlerBase.cpp][info] b_204                          1.00       0.90       0.89      
[ParameterHandlerBase.cpp][info] b_205                          1.00       0.97       0.97      
[ParameterHandlerBase.cpp][info] b_206                          1.00       1.10       1.10      
[ParameterHandlerBase.cpp][info] b_207                          1.00       1.17       1.16      
[MCMCBase.cpp][info] Step:	45000/50000, current: 53.24, proposed: 55.78
[MCMCBase.cpp][info] Accepted/Total steps: 8829/45000 = 0.20
[SampleHandlerBase.cpp][info] Printing for BeamFDStandardRecord
[SampleHandlerBase.cpp][info] ---------------------------------------------------------------------------------
[SampleHandlerBase.cpp][info] Sample                                  Data           MC             -LLH      |
[SampleHandlerBase.cpp][info] BeamFD_numode_CCNumuLike                5831.68        5782.32        3.72      |
[SampleHandlerBase.cpp][info] Total                                   5831.68        5782.32        3.72      |
[SampleHandlerBase.cpp][info] ---------------------------------------------------------------------------------
[ParameterHandlerBase.cpp][info] Printing parameters for xsec_cov
[ParameterHandlerBase.cpp][info] Name                           Prior      Current    Proposed  
[ParameterHandlerBase.cpp][info] sin2th_12                      0.31       0.30       0.30      
[ParameterHandlerBase.cpp][info] sin2th_23                      0.55       0.45       0.57      
[ParameterHandlerBase.cpp][info] sin2th_13                      0.02       0.05       0.05      
[ParameterHandlerBase.cpp][info] delm2_12                       0.00       0.00       0.00      
[ParameterHandlerBase.cpp][info] delm2_23                       0.00       -0.00      -0.00     
[ParameterHandlerBase.cpp][info] delta_cp                       -1.60      0.08       -0.80     
[ParameterHandlerBase.cpp][info] baseline                       1284.90    1284.89    1284.89   
[ParameterHandlerBase.cpp][info] density                        2.60       2.71       2.71      
[ParameterHandlerBase.cpp][info] b_104                          1.00       0.97       0.98      
[ParameterHandlerBase.cpp][info] b_105                          1.00       0.97       0.98      
[ParameterHandlerBase.cpp][info] b_106                          1.00       0.98       0.98      
[ParameterHandlerBase.cpp][info] b_107                          1.00       1.00       1.00      
[ParameterHandlerBase.cpp][info] b_108                          1.00       1.02       1.02      
[ParameterHandlerBase.cpp][info] b_109                          1.00       1.03       1.03      
[ParameterHandlerBase.cpp][info] b_110                          1.00       1.03       1.04      
[ParameterHandlerBase.cpp][info] b_111                          1.00       1.03       1.03      
[ParameterHandlerBase.cpp][info] b_112                          1.00       1.03       1.03      
[ParameterHandlerBase.cpp][info] b_113                          1.00       1.03       1.03      
[ParameterHandlerBase.cpp][info] b_114                          1.00       0.98       0.98      
[ParameterHandlerBase.cpp][info] b_115                          1.00       0.96       0.96      
[ParameterHandlerBase.cpp][info] b_116                          1.00       1.00       1.01      
[ParameterHandlerBase.cpp][info] b_117                          1.00       0.97       0.97      
[ParameterHandlerBase.cpp][info] b_118                          1.00       0.97       0.97      
[ParameterHandlerBase.cpp][info] b_119                          1.00       0.95       0.95      
[ParameterHandlerBase.cpp][info] b_120                          1.00       0.80       0.80      
[ParameterHandlerBase.cpp][info] b_121                          1.00       0.81       0.81      
[ParameterHandlerBase.cpp][info] b_122                          1.00       0.99       1.00      
[ParameterHandlerBase.cpp][info] b_123                          1.00       1.02       1.02      
[ParameterHandlerBase.cpp][info] b_124                          1.00       0.99       0.99      
[ParameterHandlerBase.cpp][info] b_125                          1.00       0.94       0.95      
[ParameterHandlerBase.cpp][info] b_126                          1.00       0.92       0.92      
[ParameterHandlerBase.cpp][info] b_127                          1.00       0.92       0.93      
[ParameterHandlerBase.cpp][info] b_128                          1.00       0.94       0.94      
[ParameterHandlerBase.cpp][info] b_129                          1.00       0.94       0.95      
[ParameterHandlerBase.cpp][info] b_130                          1.00       0.95       0.96      
[ParameterHandlerBase.cpp][info] b_131                          1.00       0.97       0.98      
[ParameterHandlerBase.cpp][info] b_132                          1.00       0.98       0.98      
[ParameterHandlerBase.cpp][info] b_133                          1.00       0.95       0.96      
[ParameterHandlerBase.cpp][info] b_134                          1.00       0.94       0.94      
[ParameterHandlerBase.cpp][info] b_135                          1.00       0.99       0.99      
[ParameterHandlerBase.cpp][info] b_136                          1.00       0.96       0.96      
[ParameterHandlerBase.cpp][info] b_137                          1.00       0.92       0.93      
[ParameterHandlerBase.cpp][info] b_138                          1.00       0.93       0.94      
[ParameterHandlerBase.cpp][info] b_139                          1.00       1.18       1.19      
[ParameterHandlerBase.cpp][info] b_140                          1.00       0.99       0.99      
[ParameterHandlerBase.cpp][info] b_141                          1.00       1.26       1.26      
[ParameterHandlerBase.cpp][info] b_142                          1.00       1.01       1.01      
[ParameterHandlerBase.cpp][info] b_143                          1.00       1.03       1.03      
[ParameterHandlerBase.cpp][info] b_144                          1.00       0.97       0.98      
[ParameterHandlerBase.cpp][info] b_145                          1.00       1.00       1.00      
[ParameterHandlerBase.cpp][info] b_146                          1.00       0.97       0.97      
[ParameterHandlerBase.cpp][info] b_147                          1.00       0.92       0.92      
[ParameterHandlerBase.cpp][info] b_148                          1.00       0.97       0.98      
[ParameterHandlerBase.cpp][info] b_149                          1.00       1.02       1.02      
[ParameterHandlerBase.cpp][info] b_150                          1.00       1.00       1.00      
[ParameterHandlerBase.cpp][info] b_151                          1.00       0.98       0.98      
[ParameterHandlerBase.cpp][info] b_152                          1.00       1.01       1.01      
[ParameterHandlerBase.cpp][info] b_153                          1.00       1.03       1.03      
[ParameterHandlerBase.cpp][info] b_154                          1.00       1.06       1.07      
[ParameterHandlerBase.cpp][info] b_155                          1.00       1.13       1.14      
[ParameterHandlerBase.cpp][info] b_156                          1.00       0.97       0.98      
[ParameterHandlerBase.cpp][info] b_157                          1.00       0.95       0.96      
[ParameterHandlerBase.cpp][info] b_158                          1.00       0.96       0.96      
[ParameterHandlerBase.cpp][info] b_159                          1.00       0.97       0.97      
[ParameterHandlerBase.cpp][info] b_160                          1.00       0.98       0.99      
[ParameterHandlerBase.cpp][info] b_161                          1.00       1.00       1.00      
[ParameterHandlerBase.cpp][info] b_162                          1.00       1.00       1.00      
[ParameterHandlerBase.cpp][info] b_163                          1.00       0.98       0.99      
[ParameterHandlerBase.cpp][info] b_164                          1.00       0.99       0.99      
[ParameterHandlerBase.cpp][info] b_165                          1.00       0.98       0.99      
[ParameterHandlerBase.cpp][info] b_166                          1.00       0.99       0.99      
[ParameterHandlerBase.cpp][info] b_167                          1.00       0.98       0.99      
[ParameterHandlerBase.cpp][info] b_168                          1.00       0.95       0.96      
[ParameterHandlerBase.cpp][info] b_169                          1.00       0.95       0.95      
[ParameterHandlerBase.cpp][info] b_170                          1.00       0.96       0.96      
[ParameterHandlerBase.cpp][info] b_171                          1.00       0.88       0.88      
[ParameterHandlerBase.cpp][info] b_172                          1.00       0.62       0.62      
[ParameterHandlerBase.cpp][info] b_173                          1.00       0.89       0.89      
[ParameterHandlerBase.cpp][info] b_174                          1.00       0.95       0.95      
[ParameterHandlerBase.cpp][info] b_175                          1.00       0.99       0.99      
[ParameterHandlerBase.cpp][info] b_176                          1.00       1.00       1.00      
[ParameterHandlerBase.cpp][info] b_177                          1.00       1.00       1.01      
[ParameterHandlerBase.cpp][info] b_178                          1.00       1.02       1.02      
[ParameterHandlerBase.cpp][info] b_179                          1.00       1.02       1.03      
[ParameterHandlerBase.cpp][info] b_180                          1.00       1.03       1.03      
[ParameterHandlerBase.cpp][info] b_181                          1.00       1.02       1.02      
[ParameterHandlerBase.cpp][info] b_182                          1.00       1.01       1.01      
[ParameterHandlerBase.cpp][info] b_183                          1.00       1.00       1.00      
[ParameterHandlerBase.cpp][info] b_184                          1.00       1.00       1.01      
[ParameterHandlerBase.cpp][info] b_185                          1.00       0.96       0.96      
[ParameterHandlerBase.cpp][info] b_186                          1.00       0.95       0.95      
[ParameterHandlerBase.cpp][info] b_187                          1.00       0.98       0.98      
[ParameterHandlerBase.cpp][info] b_188                          1.00       0.94       0.94      
[ParameterHandlerBase.cpp][info] b_189                          1.00       0.94       0.95      
[ParameterHandlerBase.cpp][info] b_190                          1.00       0.95       0.95      
[ParameterHandlerBase.cpp][info] b_191                          1.00       1.17       1.18      
[ParameterHandlerBase.cpp][info] b_192                          1.00       1.09       1.10      
[ParameterHandlerBase.cpp][info] b_193                          1.00       0.30       0.29      
[ParameterHandlerBase.cpp][info] b_194                          1.00       0.98       0.98      
[ParameterHandlerBase.cpp][info] b_195                          1.00       0.99       0.99      
[ParameterHandlerBase.cpp][info] b_196                          1.00       0.96       0.96      
[ParameterHandlerBase.cpp][info] b_197                          1.00       0.93       0.93      
[ParameterHandlerBase.cpp][info] b_198                          1.00       0.92       0.92      
[ParameterHandlerBase.cpp][info] b_199                          1.00       0.93       0.93      
[ParameterHandlerBase.cpp][info] b_200                          1.00       0.99       0.99      
[ParameterHandlerBase.cpp][info] b_201                          1.00       1.03       1.03      
[ParameterHandlerBase.cpp][info] b_202                          1.00       1.01       1.01      
[ParameterHandlerBase.cpp][info] b_203                          1.00       1.04       1.04      
[ParameterHandlerBase.cpp][info] b_204                          1.00       0.96       0.96      
[ParameterHandlerBase.cpp][info] b_205                          1.00       1.02       1.02      
[ParameterHandlerBase.cpp][info] b_206                          1.00       1.08       1.09      
[ParameterHandlerBase.cpp][info] b_207                          1.00       1.17       1.17      
[FitterBase.cpp][info] 50000 steps took 2.80e+03 seconds to complete. (5.60e-02s / step).
[FitterBase.cpp][info] 10052 steps were accepted.
[Fit.cpp][warning] [0;31mCurrent Total RAM usage is 0.62 GB[0m
[Fit.cpp][warning] [0;31mOut of Total available RAM 250.85 GB[0m
Complete
